test_complete_sample_emits_semantic_digest_without_qualification (test_actionbench_dataset_semantics.SemanticAdmissionTests.test_complete_sample_emits_semantic_digest_without_qualification) ... ok
test_existing_output_is_preserved (test_actionbench_dataset_semantics.SemanticAdmissionTests.test_existing_output_is_preserved) ... ok
test_post_admission_surface_mutation_is_rejected (test_actionbench_dataset_semantics.SemanticAdmissionTests.test_post_admission_surface_mutation_is_rejected) ... ok
test_complete_rgba_png_is_accepted (test_actionbench_dataset_semantics.SemanticHelperTests.test_complete_rgba_png_is_accepted) ... ok
test_improper_camera_rotation_is_rejected (test_actionbench_dataset_semantics.SemanticHelperTests.test_improper_camera_rotation_is_rejected) ... ok
test_integer_surface_tensor_is_rejected (test_actionbench_dataset_semantics.SemanticHelperTests.test_integer_surface_tensor_is_rejected) ... ok
test_non_square_png_is_rejected (test_actionbench_dataset_semantics.SemanticHelperTests.test_non_square_png_is_rejected) ... ok
test_nonpositive_focal_length_is_rejected (test_actionbench_dataset_semantics.SemanticHelperTests.test_nonpositive_focal_length_is_rejected) ... ok
test_png_crc_mismatch_is_rejected (test_actionbench_dataset_semantics.SemanticHelperTests.test_png_crc_mismatch_is_rejected) ... ok
test_required_camera_keys_are_required (test_actionbench_dataset_semantics.SemanticHelperTests.test_required_camera_keys_are_required) ... ok
test_rgb_png_without_alpha_is_rejected (test_actionbench_dataset_semantics.SemanticHelperTests.test_rgb_png_without_alpha_is_rejected) ... ok
test_small_surface_helper_checks_shape_dtype_finite_and_bounds (test_actionbench_dataset_semantics.SemanticHelperTests.test_small_surface_helper_checks_shape_dtype_finite_and_bounds) ... ok
test_surface_nonfinite_is_rejected (test_actionbench_dataset_semantics.SemanticHelperTests.test_surface_nonfinite_is_rejected) ... ok
test_surface_position_bound_is_rejected (test_actionbench_dataset_semantics.SemanticHelperTests.test_surface_position_bound_is_rejected) ... ok
test_truncated_png_is_rejected (test_actionbench_dataset_semantics.SemanticHelperTests.test_truncated_png_is_rejected) ... ok
test_valid_camera_is_accepted (test_actionbench_dataset_semantics.SemanticHelperTests.test_valid_camera_is_accepted) ... ok
test_contract_population_ref_mismatch_is_rejected (test_actionbench_dataset_semantics.SemanticPlanTests.test_contract_population_ref_mismatch_is_rejected) ... ok
test_plan_is_cpu_only_single_attempt_and_binds_admission (test_actionbench_dataset_semantics.SemanticPlanTests.test_plan_is_cpu_only_single_attempt_and_binds_admission) ... ok
test_extra_image_or_mask_cannot_change_official_loader_inputs (test_actionbench_full128_unit.Full128UnitTests.test_extra_image_or_mask_cannot_change_official_loader_inputs) ... ok
test_mutated_selected_frame_is_rejected (test_actionbench_full128_unit.Full128UnitTests.test_mutated_selected_frame_is_rejected) ... ok
test_priced_uid_freezes_exact_inputs_without_execution_claim (test_actionbench_full128_unit.Full128UnitTests.test_priced_uid_freezes_exact_inputs_without_execution_claim) ... ok
test_pricing_flags_cannot_claim_approval_or_dispatch (test_actionbench_full128_unit.Full128UnitTests.test_pricing_flags_cannot_claim_approval_or_dispatch) ... ok
test_template_must_be_the_admission_bound_manifest (test_actionbench_full128_unit.Full128UnitTests.test_template_must_be_the_admission_bound_manifest) ... ok
test_uid_must_belong_to_exact_priced_window (test_actionbench_full128_unit.Full128UnitTests.test_uid_must_belong_to_exact_priced_window) ... ok
test_receipt_is_recomputed_from_its_three_pinned_sources (test_actionbench_full128_unit.PricingReceiptTests.test_receipt_is_recomputed_from_its_three_pinned_sources) ... ok
test_receipt_rejects_a_divergent_recomputation (test_actionbench_full128_unit.PricingReceiptTests.test_receipt_rejects_a_divergent_recomputation) ... ok
test_receipt_rejects_noncanonical_source_locations (test_actionbench_full128_unit.PricingReceiptTests.test_receipt_rejects_noncanonical_source_locations) ... ok
test_extra_image_or_mask_cannot_change_official_loader_inputs (test_actionbench_full128_unit.RuntimeHistoricalPricingClosureTests.test_extra_image_or_mask_cannot_change_official_loader_inputs) ... ok
test_mutated_selected_frame_is_rejected (test_actionbench_full128_unit.RuntimeHistoricalPricingClosureTests.test_mutated_selected_frame_is_rejected) ... ok
test_priced_uid_freezes_exact_inputs_without_execution_claim (test_actionbench_full128_unit.RuntimeHistoricalPricingClosureTests.test_priced_uid_freezes_exact_inputs_without_execution_claim) ... ok
test_pricing_flags_cannot_claim_approval_or_dispatch (test_actionbench_full128_unit.RuntimeHistoricalPricingClosureTests.test_pricing_flags_cannot_claim_approval_or_dispatch) ... ok
test_real_freezer_revalidates_distinct_historical_pricing_root (test_actionbench_full128_unit.RuntimeHistoricalPricingClosureTests.test_real_freezer_revalidates_distinct_historical_pricing_root)
Exercise the actual freezer with a current root and archived R7 root. ... ok
test_template_must_be_the_admission_bound_manifest (test_actionbench_full128_unit.RuntimeHistoricalPricingClosureTests.test_template_must_be_the_admission_bound_manifest) ... ok
test_uid_must_belong_to_exact_priced_window (test_actionbench_full128_unit.RuntimeHistoricalPricingClosureTests.test_uid_must_belong_to_exact_priced_window) ... ok
test_active_batch_reconciliation_allows_only_nonoverlapping_window (test_actionbench_full128_window_plan.Full128WindowPlanTests.test_active_batch_reconciliation_allows_only_nonoverlapping_window) ... ok
test_active_batch_reconciliation_is_derived_from_exact_harness_state (test_actionbench_full128_window_plan.Full128WindowPlanTests.test_active_batch_reconciliation_is_derived_from_exact_harness_state)
Catch accepting caller-authored dispositions without task state. ... ok
test_active_batch_reconciliation_rejects_identity_or_claim_drift (test_actionbench_full128_window_plan.Full128WindowPlanTests.test_active_batch_reconciliation_rejects_identity_or_claim_drift) ... ok
test_active_batch_reconciliation_rejects_per_task_state_swaps (test_actionbench_full128_window_plan.Full128WindowPlanTests.test_active_batch_reconciliation_rejects_per_task_state_swaps)
Catch aggregate-count agreement masking wrong task dispositions. ... ok
test_active_batch_reconciliation_requires_r9_and_complete_range (test_actionbench_full128_window_plan.Full128WindowPlanTests.test_active_batch_reconciliation_requires_r9_and_complete_range) ... ok
test_archived_reconciliation_evidence_is_staged_without_root_rebinding (test_actionbench_full128_window_plan.Full128WindowPlanTests.test_archived_reconciliation_evidence_is_staged_without_root_rebinding) ... ok
test_environment_closure_requires_exact_current_manifest_and_lock (test_actionbench_full128_window_plan.Full128WindowPlanTests.test_environment_closure_requires_exact_current_manifest_and_lock) ... ok
test_historical_admission_rejects_harness_plan_hash_mismatch (test_actionbench_full128_window_plan.Full128WindowPlanTests.test_historical_admission_rejects_harness_plan_hash_mismatch) ... ok
test_historical_admission_resolves_retained_harness_plan (test_actionbench_full128_window_plan.Full128WindowPlanTests.test_historical_admission_resolves_retained_harness_plan) ... ok
test_historical_closure_does_not_trust_unmatched_archive_row (test_actionbench_full128_window_plan.Full128WindowPlanTests.test_historical_closure_does_not_trust_unmatched_archive_row) ... ok
test_historical_closure_ignores_unmatched_unused_archive_rows (test_actionbench_full128_window_plan.Full128WindowPlanTests.test_historical_closure_ignores_unmatched_unused_archive_rows) ... ok
test_historical_json_archive_expands_nested_historical_references (test_actionbench_full128_window_plan.Full128WindowPlanTests.test_historical_json_archive_expands_nested_historical_references) ... ok
test_historical_manifest_symlink_is_rejected (test_actionbench_full128_window_plan.Full128WindowPlanTests.test_historical_manifest_symlink_is_rejected) ... ok
test_historical_reference_rejects_archive_hash_mismatch (test_actionbench_full128_window_plan.Full128WindowPlanTests.test_historical_reference_rejects_archive_hash_mismatch) ... ok
test_historical_reference_rejects_project_escape (test_actionbench_full128_window_plan.Full128WindowPlanTests.test_historical_reference_rejects_project_escape) ... ok
test_historical_reference_uses_hash_verified_archive_alias (test_actionbench_full128_window_plan.Full128WindowPlanTests.test_historical_reference_uses_hash_verified_archive_alias) ... ok
test_historical_root_allows_untracked_evidence_but_rejects_source_edits (test_actionbench_full128_window_plan.Full128WindowPlanTests.test_historical_root_allows_untracked_evidence_but_rejects_source_edits) ... ok
test_native_command_binds_uid_window_price_and_no_fallback (test_actionbench_full128_window_plan.Full128WindowPlanTests.test_native_command_binds_uid_window_price_and_no_fallback) ... ok
test_native_command_uses_only_staged_paths_for_repository_inputs (test_actionbench_full128_window_plan.Full128WindowPlanTests.test_native_command_uses_only_staged_paths_for_repository_inputs) ... ok
test_official_harness_status_must_match_the_exact_state (test_actionbench_full128_window_plan.Full128WindowPlanTests.test_official_harness_status_must_match_the_exact_state)
Reject a marked observer payload whose task record was altered. ... ok
test_outer_limits_retain_collection_reserve_and_one_gpu_task_at_a_time (test_actionbench_full128_window_plan.Full128WindowPlanTests.test_outer_limits_retain_collection_reserve_and_one_gpu_task_at_a_time) ... ok
test_reconciliation_accepts_official_harness_status_unchanged (test_actionbench_full128_window_plan.Full128WindowPlanTests.test_reconciliation_accepts_official_harness_status_unchanged)
Bind native --status output without inventing a STATUS wrapper. ... ok
test_reconciliation_builder_derives_every_disposition_from_harness_state (test_actionbench_full128_window_plan.Full128WindowPlanTests.test_reconciliation_builder_derives_every_disposition_from_harness_state)
Catch a builder that copies unverified caller-supplied statuses. ... ok
test_rejects_approval_dispatch_or_noncanonical_budget_claims (test_actionbench_full128_window_plan.Full128WindowPlanTests.test_rejects_approval_dispatch_or_noncanonical_budget_claims) ... ok
test_rejects_campaign_digest_tampering_or_additional_source_runs (test_actionbench_full128_window_plan.Full128WindowPlanTests.test_rejects_campaign_digest_tampering_or_additional_source_runs) ... ok
test_rejects_missing_reordered_or_overbudget_window (test_actionbench_full128_window_plan.Full128WindowPlanTests.test_rejects_missing_reordered_or_overbudget_window) ... ok
test_rejects_unbound_campaign_status_or_plan_digest (test_actionbench_full128_window_plan.Full128WindowPlanTests.test_rejects_unbound_campaign_status_or_plan_digest) ... ok
test_rejects_unhashed_or_changed_retained_native_plans (test_actionbench_full128_window_plan.Full128WindowPlanTests.test_rejects_unhashed_or_changed_retained_native_plans) ... ok
test_selects_one_exact_priced_window_without_changing_order (test_actionbench_full128_window_plan.Full128WindowPlanTests.test_selects_one_exact_priced_window_without_changing_order) ... ok
test_sixteen_native_plans_are_ordered_and_disable_retry_or_fallback (test_actionbench_full128_window_plan.Full128WindowPlanTests.test_sixteen_native_plans_are_ordered_and_disable_retry_or_fallback) ... ok
test_snapshot_builder_accepts_official_harness_status_observation (test_actionbench_full128_window_plan.Full128WindowPlanTests.test_snapshot_builder_accepts_official_harness_status_observation)
Preserve the harness's read-only --status output without synthesizing STATUS. ... ok
test_snapshot_builder_freezes_stable_state_and_status_bytes (test_actionbench_full128_window_plan.Full128WindowPlanTests.test_snapshot_builder_freezes_stable_state_and_status_bytes)
Catch reconciliation evidence that still points at mutable inputs. ... ok
test_snapshot_builder_rejects_incoherent_counts_without_partial_output (test_actionbench_full128_window_plan.Full128WindowPlanTests.test_snapshot_builder_rejects_incoherent_counts_without_partial_output)
Catch archiving a state/status pair from different observations. ... ok
test_assessment_rejects_a_weakened_decision_rule (test_actionbench_full_reproduction.FullPopulationReproductionContractTests.test_assessment_rejects_a_weakened_decision_rule) ... ok
test_contract_rejects_paper_values_in_place_of_current_readme_values (test_actionbench_full_reproduction.FullPopulationReproductionContractTests.test_contract_rejects_paper_values_in_place_of_current_readme_values) ... ok
test_contract_requires_the_complete_released_population (test_actionbench_full_reproduction.FullPopulationReproductionContractTests.test_contract_requires_the_complete_released_population) ... ok
test_contract_separates_generation_and_scorer_seeds (test_actionbench_full_reproduction.FullPopulationReproductionContractTests.test_contract_separates_generation_and_scorer_seeds) ... ok
test_one_metric_outside_the_interval_fails_reproduction (test_actionbench_full_reproduction.FullPopulationReproductionContractTests.test_one_metric_outside_the_interval_fails_reproduction) ... ok
test_published_interval_is_the_three_decimal_rounding_bin (test_actionbench_full_reproduction.FullPopulationReproductionContractTests.test_published_interval_is_the_three_decimal_rounding_bin) ... ok
test_reproduction_rejects_a_one_uid_or_success_only_denominator (test_actionbench_full_reproduction.FullPopulationReproductionContractTests.test_reproduction_rejects_a_one_uid_or_success_only_denominator) ... ok
test_reproduction_requires_every_uid_to_succeed (test_actionbench_full_reproduction.FullPopulationReproductionContractTests.test_reproduction_requires_every_uid_to_succeed) ... ok
test_reproduction_uses_all_three_published_rounding_intervals (test_actionbench_full_reproduction.FullPopulationReproductionContractTests.test_reproduction_uses_all_three_published_rounding_intervals) ... ok
test_consumer_sidecar_cannot_revert_the_verified_backend (test_actionbench_parity.OfficialAdapterContractTests.test_consumer_sidecar_cannot_revert_the_verified_backend) ... ok
test_cpu_backward_entry_preserves_all_official_arguments (test_actionbench_parity.OfficialAdapterContractTests.test_cpu_backward_entry_preserves_all_official_arguments) ... ok
test_manifest_preserves_frozen_denominator_and_path (test_actionbench_parity.OfficialAdapterContractTests.test_manifest_preserves_frozen_denominator_and_path) ... ok
test_manifest_rejects_case_escape (test_actionbench_parity.OfficialAdapterContractTests.test_manifest_rejects_case_escape) ... ok
test_manifest_rejects_duplicate_case_id (test_actionbench_parity.OfficialAdapterContractTests.test_manifest_rejects_duplicate_case_id) ... ok
test_official_cpu_rng_patch_is_exact_and_recorded (test_actionbench_parity.OfficialAdapterContractTests.test_official_cpu_rng_patch_is_exact_and_recorded) ... ok
test_official_csv_rejects_failed_row (test_actionbench_parity.OfficialAdapterContractTests.test_official_csv_rejects_failed_row) ... ok
test_official_csv_requires_one_successful_uid (test_actionbench_parity.OfficialAdapterContractTests.test_official_csv_requires_one_successful_uid) ... ok
test_unknown_backend_policy_is_not_admitted (test_actionbench_parity.OfficialAdapterContractTests.test_unknown_backend_policy_is_not_admitted) ... ok
test_unreviewed_cpu_rng_source_is_rejected (test_actionbench_parity.OfficialAdapterContractTests.test_unreviewed_cpu_rng_source_is_rejected) ... ok
test_descriptor_paths_are_relative_to_staged_project (test_actionbench_parity.ParityReadoutTests.test_descriptor_paths_are_relative_to_staged_project) ... ok
test_equivalence_contract_boundary_accepts_no_effect_rules (test_actionbench_parity.ParityReadoutTests.test_equivalence_contract_boundary_accepts_no_effect_rules) ... ok
test_equivalence_contract_cannot_claim_scientific_qualification (test_actionbench_parity.ParityReadoutTests.test_equivalence_contract_cannot_claim_scientific_qualification) ... ok
test_exact_comparison_has_zero_tolerance (test_actionbench_parity.ParityReadoutTests.test_exact_comparison_has_zero_tolerance) ... ok
test_exact_comparison_rejects_small_difference (test_actionbench_parity.ParityReadoutTests.test_exact_comparison_rejects_small_difference) ... ok
test_execution_binding_rejects_changed_command (test_actionbench_parity.ParityReadoutTests.test_execution_binding_rejects_changed_command) ... ok
test_finalization_origin_paths_include_canonical_runtime_records (test_actionbench_parity.ParityReadoutTests.test_finalization_origin_paths_include_canonical_runtime_records) ... ok
test_finalization_raw_absolute_refs_are_hash_bound_and_nonescaping (test_actionbench_parity.ParityReadoutTests.test_finalization_raw_absolute_refs_are_hash_bound_and_nonescaping) ... ok
test_finalization_reference_closure_follows_nested_refs (test_actionbench_parity.ParityReadoutTests.test_finalization_reference_closure_follows_nested_refs) ... ok
test_finalization_reference_closure_rejects_changed_nested_ref (test_actionbench_parity.ParityReadoutTests.test_finalization_reference_closure_rejects_changed_nested_ref) ... ok
test_finalizer_rejects_noncanonical_receipt_path (test_actionbench_parity.ParityReadoutTests.test_finalizer_rejects_noncanonical_receipt_path) ... ok
test_finalizer_rejects_partial_promoted_bundle (test_actionbench_parity.ParityReadoutTests.test_finalizer_rejects_partial_promoted_bundle) ... ok
test_official_provenance_rejects_unbound_adapter_output (test_actionbench_parity.ParityReadoutTests.test_official_provenance_rejects_unbound_adapter_output) ... ok
test_one_case_extracts_only_frozen_metrics (test_actionbench_parity.ParityReadoutTests.test_one_case_extracts_only_frozen_metrics) ... ok
test_one_case_rejects_nonfinite_metric (test_actionbench_parity.ParityReadoutTests.test_one_case_rejects_nonfinite_metric) ... ok
test_one_case_rejects_wrong_denominator (test_actionbench_parity.ParityReadoutTests.test_one_case_rejects_wrong_denominator) ... ok
test_parity_arm_inputs_bind_ordered_reports_and_predictions (test_actionbench_parity.ParityReadoutTests.test_parity_arm_inputs_bind_ordered_reports_and_predictions) ... ok
test_runtime_identity_rejects_different_visible_gpu (test_actionbench_parity.ParityReadoutTests.test_runtime_identity_rejects_different_visible_gpu) ... ok
test_admitted_measurement_prices_eight_equal_sixteen_uid_windows (test_actionbench_queue_pricing.ActionBenchQueuePricingTests.test_admitted_measurement_prices_eight_equal_sixteen_uid_windows) ... ok
test_contract_cannot_approve_or_generate_a_queue (test_actionbench_queue_pricing.ActionBenchQueuePricingTests.test_contract_cannot_approve_or_generate_a_queue) ... ok
test_pricing_rehashes_every_admission_evidence_reference (test_actionbench_queue_pricing.ActionBenchQueuePricingTests.test_pricing_rehashes_every_admission_evidence_reference) ... ok
test_pricing_rejects_population_reordering_or_success_only_subset (test_actionbench_queue_pricing.ActionBenchQueuePricingTests.test_pricing_rejects_population_reordering_or_success_only_subset) ... ok
test_pricing_rejects_unadmitted_or_scientific_claiming_sidecar (test_actionbench_queue_pricing.ActionBenchQueuePricingTests.test_pricing_rejects_unadmitted_or_scientific_claiming_sidecar) ... ok
test_sidecar_timing_cannot_diverge_from_retained_result (test_actionbench_queue_pricing.ActionBenchQueuePricingTests.test_sidecar_timing_cannot_diverge_from_retained_result) ... ok
test_output_is_the_single_canonical_pricing_target (test_actionbench_queue_pricing_plan.ActionBenchQueuePricingPlanTests.test_output_is_the_single_canonical_pricing_target) ... ok
test_plan_source_validation_requires_completed_admission_without_queue_claim (test_actionbench_queue_pricing_plan.ActionBenchQueuePricingPlanTests.test_plan_source_validation_requires_completed_admission_without_queue_claim) ... ok
test_contract_forbids_silent_low_ram_fallback (test_actionbench_unit_manifest.UnitManifestTests.test_contract_forbids_silent_low_ram_fallback) ... ok
test_contract_keeps_generation_and_scoring_seeds_distinct (test_actionbench_unit_manifest.UnitManifestTests.test_contract_keeps_generation_and_scoring_seeds_distinct) ... ok
test_escaping_required_source_path_is_rejected (test_actionbench_unit_manifest.UnitManifestTests.test_escaping_required_source_path_is_rejected) ... ok
test_existing_output_is_preserved (test_actionbench_unit_manifest.UnitManifestTests.test_existing_output_is_preserved) ... ok
test_model_revision_mismatch_is_rejected (test_actionbench_unit_manifest.UnitManifestTests.test_model_revision_mismatch_is_rejected) ... ok
test_mutated_selected_frame_is_rejected (test_actionbench_unit_manifest.UnitManifestTests.test_mutated_selected_frame_is_rejected) ... ok
test_nonprospective_uid_selection_is_rejected (test_actionbench_unit_manifest.UnitManifestTests.test_nonprospective_uid_selection_is_rejected) ... ok
test_original_calibration_contract_cannot_select_second_member (test_actionbench_unit_manifest.UnitManifestTests.test_original_calibration_contract_cannot_select_second_member) ... ok
test_population_contract_admits_exact_second_member (test_actionbench_unit_manifest.UnitManifestTests.test_population_contract_admits_exact_second_member) ... ok
test_population_contract_rejects_index_uid_disagreement (test_actionbench_unit_manifest.UnitManifestTests.test_population_contract_rejects_index_uid_disagreement) ... ok
test_semantic_manifest_mismatch_is_rejected (test_actionbench_unit_manifest.UnitManifestTests.test_semantic_manifest_mismatch_is_rejected) ... ok
test_source_revision_mismatch_is_rejected (test_actionbench_unit_manifest.UnitManifestTests.test_source_revision_mismatch_is_rejected) ... ok
test_untracked_required_source_is_rejected (test_actionbench_unit_manifest.UnitManifestTests.test_untracked_required_source_is_rejected) ... ok
test_valid_manifest_binds_exact_three_arm_unit_without_execution (test_actionbench_unit_manifest.UnitManifestTests.test_valid_manifest_binds_exact_three_arm_unit_without_execution) ... ok
test_degenerate_source_and_artifact_tampering_fail_closed (test_area_admission_candidate.AreaAdmissionCandidateTests.test_degenerate_source_and_artifact_tampering_fail_closed) ... ok
test_exact_quadratic_finds_crossing_and_ignores_tangency (test_area_admission_candidate.AreaAdmissionCandidateTests.test_exact_quadratic_finds_crossing_and_ignores_tangency) ... ok
test_full_export_revalidates_all_16_frames_and_exact_anchor (test_area_admission_candidate.AreaAdmissionCandidateTests.test_full_export_revalidates_all_16_frames_and_exact_anchor) ... ok
test_three_roles_share_update_and_candidate_uses_inward_margin (test_area_admission_candidate.AreaAdmissionCandidateTests.test_three_roles_share_update_and_candidate_uses_inward_margin) ... ok
test_validation_replays_failed_arms_and_materializer_prevalidates (test_area_admission_candidate.AreaAdmissionCandidateTests.test_validation_replays_failed_arms_and_materializer_prevalidates) ... FAIL
test_builder_is_cpu_only_zero_retry_and_has_no_execution_call (test_area_admission_plan.AreaAdmissionPlanTests.test_builder_is_cpu_only_zero_retry_and_has_no_execution_call) ... ok
test_export_and_replay_bind_real_source_pair (test_area_transport_candidate.AreaTransportArtifactTests.test_export_and_replay_bind_real_source_pair) ... FAIL
test_producer_closure_rejects_code_environment_and_source_tamper (test_area_transport_candidate.AreaTransportArtifactTests.test_producer_closure_rejects_code_environment_and_source_tamper) ... ok
test_real_artifact_freezes_five_role_native_request (test_area_transport_candidate.AreaTransportArtifactTests.test_real_artifact_freezes_five_role_native_request) ... ERROR
test_degenerate_face_is_removed_but_native_identity_is_retained (test_area_transport_candidate.AreaTransportKernelTests.test_degenerate_face_is_removed_but_native_identity_is_retained) ... ok
test_feasible_sparse_support_carries_both_marginals (test_area_transport_candidate.AreaTransportKernelTests.test_feasible_sparse_support_carries_both_marginals) ... ok
test_geometry_descriptor_is_rigid_rotation_invariant (test_area_transport_candidate.AreaTransportKernelTests.test_geometry_descriptor_is_rigid_rotation_invariant) ... ok
test_knn_boundary_ties_use_original_target_id (test_area_transport_candidate.AreaTransportKernelTests.test_knn_boundary_ties_use_original_target_id) ... ok
test_lift_normalizes_actual_mass_and_commutes_with_translation (test_area_transport_candidate.AreaTransportKernelTests.test_lift_normalizes_actual_mass_and_commutes_with_translation) ... ok
test_rectangular_active_sets_preserve_full_native_vertex_ids (test_area_transport_candidate.AreaTransportKernelTests.test_rectangular_active_sets_preserve_full_native_vertex_ids) ... ERROR
test_sparse_sinkhorn_closes_area_marginals (test_area_transport_candidate.AreaTransportKernelTests.test_sparse_sinkhorn_closes_area_marginals) ... ok
test_three_roles_share_geometry_and_keep_exact_anchor (test_area_transport_candidate.AreaTransportKernelTests.test_three_roles_share_geometry_and_keep_exact_anchor) ... ERROR
test_tiny_positive_witness_mass_is_not_dropped (test_area_transport_candidate.AreaTransportKernelTests.test_tiny_positive_witness_mass_is_not_dropped) ... ok
test_triangular_support_is_closed_before_sinkhorn (test_area_transport_candidate.AreaTransportKernelTests.test_triangular_support_is_closed_before_sinkhorn) ... ok
test_uneven_masses_require_relative_marginal_closure (test_area_transport_candidate.AreaTransportKernelTests.test_uneven_masses_require_relative_marginal_closure) ... ok
test_vertex_of_retained_near_threshold_face_stays_active (test_area_transport_candidate.AreaTransportKernelTests.test_vertex_of_retained_near_threshold_face_stays_active) ... ok
test_witness_accepts_roundoff_total_discrepancy (test_area_transport_candidate.AreaTransportKernelTests.test_witness_accepts_roundoff_total_discrepancy) ... ok
test_receipt_bound_native_artifact_reconstruction (test_area_transport_candidate.C06RetainedNativeAcceptance.test_receipt_bound_native_artifact_reconstruction) ... skipped 'Real C06 native artifact required; fixtures cannot supply native acceptance'
test_explicit_candidate_path_and_entire_closure_survive_real_staging (test_c01_native_acceptance_plan.C01NativeAcceptancePlanTests.test_explicit_candidate_path_and_entire_closure_survive_real_staging) ... ok
test_b_star_cannot_be_selected_after_freeze (test_c01_native_comparison.C01ComparisonContracts.test_b_star_cannot_be_selected_after_freeze) ... ok
test_exact_native_anchor_and_topology_are_required (test_c01_native_comparison.C01ComparisonContracts.test_exact_native_anchor_and_topology_are_required) ... ok
test_physical_content_digest_is_array_exact (test_c01_native_comparison.C01ComparisonContracts.test_physical_content_digest_is_array_exact) ... ok
test_full_native_artifact_freeze_recompute_and_request_tamper (test_c01_native_comparison.C01RetainedNativeComparison.test_full_native_artifact_freeze_recompute_and_request_tamper) ... skipped 'requires retained real current-version C01 native artifact; not acceptance'
test_all_input_closure_and_failed_reports_are_snapshotted (test_c01_native_scoring.C01NativeScoringTests.test_all_input_closure_and_failed_reports_are_snapshotted) ... ok
test_archived_frozen_inputs_bind_request_report_certificate_and_poses (test_c01_native_scoring.C01NativeScoringTests.test_archived_frozen_inputs_bind_request_report_certificate_and_poses) ... ok
test_failures_remain_in_denominator_and_are_never_zero_imputed (test_c01_native_scoring.C01NativeScoringTests.test_failures_remain_in_denominator_and_are_never_zero_imputed) ... ok
test_logical_readout_expands_alias_without_duplicate_measurement (test_c01_native_scoring.C01NativeScoringTests.test_logical_readout_expands_alias_without_duplicate_measurement) ... ok
test_partial_bundle_is_deterministic_but_not_a_valid_delivery (test_c01_native_scoring.C01NativeScoringTests.test_partial_bundle_is_deterministic_but_not_a_valid_delivery) ... ok
test_raw_bundle_rejects_links (test_c01_native_scoring.C01NativeScoringTests.test_raw_bundle_rejects_links) ... ok
test_retained_json_rejects_duplicate_keys (test_c01_native_scoring.C01NativeScoringTests.test_retained_json_rejects_duplicate_keys) ... ok
test_stage_cases_copies_exact_unique_physical_inputs (test_c01_native_scoring.C01NativeScoringTests.test_stage_cases_copies_exact_unique_physical_inputs) ... ok
test_validate_official_report_rejects_changed_input_hash (test_c01_native_scoring.C01NativeScoringTests.test_validate_official_report_rejects_changed_input_hash) ... ok
test_admission_digest_and_exact_scope_are_required (test_c01_native_scoring_plan.C01NativeScoringPlanTests.test_admission_digest_and_exact_scope_are_required) ... ok
test_analysis_core_binding_is_acyclic_and_content_sensitive (test_c01_native_scoring_plan.C01NativeScoringPlanTests.test_analysis_core_binding_is_acyclic_and_content_sensitive) ... ok
test_arm_binding_uses_frozen_method_ids_and_every_implementation (test_c01_native_scoring_plan.C01NativeScoringPlanTests.test_arm_binding_uses_frozen_method_ids_and_every_implementation) ... ok
test_authorization_reservation_is_recoverable_then_consumed_once (test_c01_native_scoring_plan.C01NativeScoringPlanTests.test_authorization_reservation_is_recoverable_then_consumed_once) ... ok
test_contract_requires_all_three_named_controls (test_c01_native_scoring_plan.C01NativeScoringPlanTests.test_contract_requires_all_three_named_controls) ... ok
test_contract_requires_corotational_treatment_and_b_star_baseline (test_c01_native_scoring_plan.C01NativeScoringPlanTests.test_contract_requires_corotational_treatment_and_b_star_baseline) ... ok
test_contract_requires_official_scorer (test_c01_native_scoring_plan.C01NativeScoringPlanTests.test_contract_requires_official_scorer) ... ok
test_final_consumption_claim_and_staged_ticket_close_one_chain (test_c01_native_scoring_plan.C01NativeScoringPlanTests.test_final_consumption_claim_and_staged_ticket_close_one_chain) ... FAIL
test_installed_stage_rewrites_hash_bound_launch_ticket (test_c01_native_scoring_plan.C01NativeScoringPlanTests.test_installed_stage_rewrites_hash_bound_launch_ticket) ... ok
test_method_boundary_must_be_design_verified_for_c01 (test_c01_native_scoring_plan.C01NativeScoringPlanTests.test_method_boundary_must_be_design_verified_for_c01) ... ok
test_one_attempt_preserves_protocol_mode_and_treatment_role (test_c01_native_scoring_plan.C01NativeScoringPlanTests.test_one_attempt_preserves_protocol_mode_and_treatment_role) ... ok
test_outputs_require_result_manifest_and_archive (test_c01_native_scoring_plan.C01NativeScoringPlanTests.test_outputs_require_result_manifest_and_archive) ... ok
test_plan_and_launcher_use_c01_identity (test_c01_native_scoring_profile.C01NativeScoringProfileTests.test_plan_and_launcher_use_c01_identity) ... ok
test_profile_is_isolated_from_c14_defaults (test_c01_native_scoring_profile.C01NativeScoringProfileTests.test_profile_is_isolated_from_c14_defaults) ... ok
test_duplicate_json_key_is_rejected (test_c02_native_comparison.C02NativeComparisonTests.test_duplicate_json_key_is_rejected) ... ok
test_real_candidate_artifacts_freeze_and_deduplicate (test_c02_native_comparison.C02NativeComparisonTests.test_real_candidate_artifacts_freeze_and_deduplicate) ... ERROR
test_plan_and_launcher_use_c02_identity (test_c02_native_scoring_profile.C02NativeScoringProfileTests.test_plan_and_launcher_use_c02_identity) ... ok
test_profile_is_isolated_from_c14_defaults (test_c02_native_scoring_profile.C02NativeScoringProfileTests.test_profile_is_isolated_from_c14_defaults) ... ok
test_actual_cross_root_staging_has_no_live_input_dependency (test_c03_calibration_artifacts.CalibrationArtifactTests.test_actual_cross_root_staging_has_no_live_input_dependency) ... FAIL
test_confirmation_rows_and_corrupt_evidence_rejected (test_c03_calibration_artifacts.CalibrationArtifactTests.test_confirmation_rows_and_corrupt_evidence_rejected) ... ok
test_partition_and_parameter_changes_fail (test_c03_calibration_artifacts.CalibrationArtifactTests.test_partition_and_parameter_changes_fail) ... ok
test_selection_is_uid_stable_unique_and_sorted (test_c03_label_bank.C03LabelBankTests.test_selection_is_uid_stable_unique_and_sorted) ... ok
test_selection_rejects_invalid_population_request (test_c03_label_bank.C03LabelBankTests.test_selection_rejects_invalid_population_request) ... ok
test_weight_manifest_binds_both_autoencoder_files (test_c03_label_bank.C03LabelBankTests.test_weight_manifest_binds_both_autoencoder_files) ... ok
test_all_g01_generation_seeds_are_declared (test_c03_native_scoring_profile.C03NativeScoringProfileTests.test_all_g01_generation_seeds_are_declared) ... ok
test_b_star_decision_is_content_bound_and_prospective (test_c03_native_scoring_profile.C03NativeScoringProfileTests.test_b_star_decision_is_content_bound_and_prospective) ... ok
test_failed_role_remains_in_denominator (test_c03_native_scoring_profile.C03NativeScoringProfileTests.test_failed_role_remains_in_denominator) ... FAIL
test_successful_readout_keeps_nine_role_denominator (test_c03_native_scoring_profile.C03NativeScoringProfileTests.test_successful_readout_keeps_nine_role_denominator) ... FAIL
test_duplicate_json_key_is_rejected (test_c04_native_comparison.C04NativeComparisonTests.test_duplicate_json_key_is_rejected) ... ok
test_real_common_target_artifact_freezes_all_five_roles (test_c04_native_comparison.C04NativeComparisonTests.test_real_common_target_artifact_freezes_all_five_roles) ... FAIL
test_all_pinned_inputs_are_snapshotted_before_scoring (test_c04_native_scoring.C04NativeScoringTests.test_all_pinned_inputs_are_snapshotted_before_scoring) ... ok
test_failed_role_stays_in_logical_denominator_but_is_not_staged (test_c04_native_scoring.C04NativeScoringTests.test_failed_role_stays_in_logical_denominator_but_is_not_staged) ... ok
test_retained_json_rejects_duplicate_keys (test_c04_native_scoring.C04NativeScoringTests.test_retained_json_rejects_duplicate_keys) ... ok
test_unique_physical_cases_stage_once_and_keep_candidate_certificate (test_c04_native_scoring.C04NativeScoringTests.test_unique_physical_cases_stage_once_and_keep_candidate_certificate) ... ok
test_contract_fixes_candidate_baseline_controls_and_official_scorer (test_c04_native_scoring_plan.C04NativeScoringPlanTests.test_contract_fixes_candidate_baseline_controls_and_official_scorer) ... ok
test_frozen_arm_bindings_cover_every_physical_implementation (test_c04_native_scoring_plan.C04NativeScoringPlanTests.test_frozen_arm_bindings_cover_every_physical_implementation) ... ok
test_method_boundary_requires_c04_design_verification (test_c04_native_scoring_plan.C04NativeScoringPlanTests.test_method_boundary_requires_c04_design_verification) ... ok
test_native_context_b0_uses_generation_identity_not_candidate_report_field (test_c04_native_scoring_plan.C04NativeScoringPlanTests.test_native_context_b0_uses_generation_identity_not_candidate_report_field) ... ok
test_outputs_are_receipt_bound_raw_bundle_not_a_verdict (test_c04_native_scoring_plan.C04NativeScoringPlanTests.test_outputs_are_receipt_bound_raw_bundle_not_a_verdict) ... ok
test_scientific_job_is_one_confirmation_attempt_zero_retry (test_c04_native_scoring_plan.C04NativeScoringPlanTests.test_scientific_job_is_one_confirmation_attempt_zero_retry) ... ok
test_complete_source_closure_imports_in_an_independent_staging_root (test_c04_native_scoring_profile.C04NativeScoringProfileTests.test_complete_source_closure_imports_in_an_independent_staging_root) ... ok
test_plan_and_launcher_have_only_c04_identity (test_c04_native_scoring_profile.C04NativeScoringProfileTests.test_plan_and_launcher_have_only_c04_identity) ... ok
test_profile_isolated_from_c14_defaults (test_c04_native_scoring_profile.C04NativeScoringProfileTests.test_profile_isolated_from_c14_defaults) ... ok
test_declared_semantic_evidence_must_be_a_receipt_output (test_c04_semantic_admission.C04SemanticAdmissionTests.test_declared_semantic_evidence_must_be_a_receipt_output) ... ok
test_missing_review_unbound_receipt_and_changed_parameters_reject (test_c04_semantic_admission.C04SemanticAdmissionTests.test_missing_review_unbound_receipt_and_changed_parameters_reject) ... ok
test_prospective_spec_has_no_dependency_on_confirmation_output (test_c04_semantic_admission.C04SemanticAdmissionTests.test_prospective_spec_has_no_dependency_on_confirmation_output) ... ok
test_review_cannot_use_confirmation_ids_probability_claim_or_late_review (test_c04_semantic_admission.C04SemanticAdmissionTests.test_review_cannot_use_confirmation_ids_probability_claim_or_late_review) ... ok
test_aggregate_bank_must_equal_every_ordered_retained_branch (test_c05_candidate_artifacts.C05CandidateArtifactTests.test_aggregate_bank_must_equal_every_ordered_retained_branch) ... ok
test_archive_and_generated_files_are_exact_and_tamper_evident (test_c05_candidate_artifacts.C05CandidateArtifactTests.test_archive_and_generated_files_are_exact_and_tamper_evident) ... ok
test_byte_ceiling_and_append_only_output_fail_closed (test_c05_candidate_artifacts.C05CandidateArtifactTests.test_byte_ceiling_and_append_only_output_fail_closed) ... ok
test_changed_output_and_extra_file_are_rejected (test_c05_candidate_artifacts.C05CandidateArtifactTests.test_changed_output_and_extra_file_are_rejected) ... ok
test_current_release_identity_requires_float32_frames_zero_through_fifteen (test_c05_candidate_artifacts.C05CandidateArtifactTests.test_current_release_identity_requires_float32_frames_zero_through_fifteen) ... ok
test_icm_failure_blocks_only_joint_after_kabsch_evidence (test_c05_candidate_artifacts.C05CandidateArtifactTests.test_icm_failure_blocks_only_joint_after_kabsch_evidence) ... ok
test_interface_has_no_forbidden_coordinate_or_scoring_input (test_c05_candidate_artifacts.C05CandidateArtifactTests.test_interface_has_no_forbidden_coordinate_or_scoring_input) ... FAIL
test_kabsch_failure_blocks_only_joint_and_keeps_fixed_denominator (test_c05_candidate_artifacts.C05CandidateArtifactTests.test_kabsch_failure_blocks_only_joint_and_keeps_fixed_denominator) ... ok
test_materializes_all_distinct_roles_with_exact_native_identity (test_c05_candidate_artifacts.C05CandidateArtifactTests.test_materializes_all_distinct_roles_with_exact_native_identity) ... FAIL
test_natural_gate_rejection_has_no_scoreable_role_or_fallback (test_c05_candidate_artifacts.C05CandidateArtifactTests.test_natural_gate_rejection_has_no_scoreable_role_or_fallback) ... FAIL
test_parity_must_bind_every_exact_input_and_b0_report (test_c05_candidate_artifacts.C05CandidateArtifactTests.test_parity_must_bind_every_exact_input_and_b0_report) ... ok
test_union_projection_failure_blocks_only_surface_and_is_bounded (test_c05_candidate_artifacts.C05CandidateArtifactTests.test_union_projection_failure_blocks_only_surface_and_is_bounded) ... ok
test_cli_is_validation_only (test_c05_mode_bank.C05ModeBankTests.test_cli_is_validation_only) ... ok
test_every_branch_retains_full_identical_topology_query_and_times (test_c05_mode_bank.C05ModeBankTests.test_every_branch_retains_full_identical_topology_query_and_times) ... ok
test_output_is_append_only_and_receipts_reject_overclaim (test_c05_mode_bank.C05ModeBankTests.test_output_is_append_only_and_receipts_reject_overclaim) ... ok
test_producer_freezes_stage0_context_and_pristine_banks (test_c05_mode_bank.C05ModeBankTests.test_producer_freezes_stage0_context_and_pristine_banks) ... ok
test_producer_has_no_external_coordinate_or_evaluator_input (test_c05_mode_bank.C05ModeBankTests.test_producer_has_no_external_coordinate_or_evaluator_input) ... ok
test_provenance_and_complete_generation_settings_are_mandatory (test_c05_mode_bank.C05ModeBankTests.test_provenance_and_complete_generation_settings_are_mandatory) ... ok
test_receipt_validation_detects_changed_or_unlisted_output (test_c05_mode_bank.C05ModeBankTests.test_receipt_validation_detects_changed_or_unlisted_output) ... ok
test_seed_schedule_is_deterministic_unique_and_preserves_exact_b0 (test_c05_mode_bank.C05ModeBankTests.test_seed_schedule_is_deterministic_unique_and_preserves_exact_b0) ... ok
test_topology_drift_fails_closed_and_retains_failure (test_c05_mode_bank.C05ModeBankTests.test_topology_drift_fails_closed_and_retains_failure) ... ok
test_candidate_outer_seed_and_prospective_decision_are_enforced (test_c05_native_comparison.C05NativeComparisonTests.test_candidate_outer_seed_and_prospective_decision_are_enforced) ... ok
test_cli_only_builds_a_request (test_c05_native_comparison.C05NativeComparisonTests.test_cli_only_builds_a_request) ... ok
test_one_terminal_role_error_stays_in_denominator_without_a_case (test_c05_native_comparison.C05NativeComparisonTests.test_one_terminal_role_error_stays_in_denominator_without_a_case) ... ok
test_seven_roles_shared_json_certificates_and_recursive_closure (test_c05_native_comparison.C05NativeComparisonTests.test_seven_roles_shared_json_certificates_and_recursive_closure) ... ok
test_tampered_shared_solver_certificate_is_rejected (test_c05_native_comparison.C05NativeComparisonTests.test_tampered_shared_solver_certificate_is_rejected) ... ERROR
test_plan_and_launcher_are_c05_only (test_c05_native_scoring_profile.C05NativeScoringProfileTests.test_plan_and_launcher_are_c05_only) ... ok
test_plan_binds_promoted_c05_source_without_synthetic_report_hash (test_c05_native_scoring_profile.C05NativeScoringProfileTests.test_plan_binds_promoted_c05_source_without_synthetic_report_hash) ... ok
test_profile_isolated_from_shared_defaults (test_c05_native_scoring_profile.C05NativeScoringProfileTests.test_profile_isolated_from_shared_defaults) ... ok
test_seven_role_readout_keeps_failures_and_aliases (test_c05_native_scoring_profile.C05NativeScoringProfileTests.test_seven_role_readout_keeps_failures_and_aliases) ... ok
test_cpu_candidate_plan_uses_only_staged_recursive_closure (test_c05_plan_staging.C05RealStagingTests.test_cpu_candidate_plan_uses_only_staged_recursive_closure) ... ERROR
test_exact_external_cache_rejects_every_inventory_mutation (test_c05_plan_staging.C05RealStagingTests.test_exact_external_cache_rejects_every_inventory_mutation) ... ok
test_mode_bank_plan_freezes_every_noncache_input_cross_root (test_c05_plan_staging.C05RealStagingTests.test_mode_bank_plan_freezes_every_noncache_input_cross_root) ... ok
test_acceptance_only_requires_real_non_skipped_replay (test_c06_native_acceptance_plan.C06AcceptancePreparationPlanTests.test_acceptance_only_requires_real_non_skipped_replay) ... ok
test_comparison_and_scoring_preparation_all_refs_survive_real_cross_root_stage (test_c06_native_acceptance_plan.C06AcceptancePreparationPlanTests.test_comparison_and_scoring_preparation_all_refs_survive_real_cross_root_stage) ... ok
test_comparison_only_declares_one_output_and_partial_scoring_arguments_fail (test_c06_native_acceptance_plan.C06AcceptancePreparationPlanTests.test_comparison_only_declares_one_output_and_partial_scoring_arguments_fail) ... ok
test_plan_profile_keeps_single_attempt_scope (test_c06_native_scoring_profile.C06NativeScoringProfileTests.test_plan_profile_keeps_single_attempt_scope) ... ok
test_profile_has_exact_five_roles_and_candidate_identity (test_c06_native_scoring_profile.C06NativeScoringProfileTests.test_profile_has_exact_five_roles_and_candidate_identity) ... ok
test_three_preparation_failures_stay_in_c06_denominator (test_c06_native_scoring_profile.C06NativeScoringProfileTests.test_three_preparation_failures_stay_in_c06_denominator) ... ok
test_acceptance_only_requires_real_non_skipped_replay (test_c07_native_acceptance_plan.C07AcceptancePreparationPlanTests.test_acceptance_only_requires_real_non_skipped_replay) ... ok
test_comparison_and_scoring_preparation_all_refs_survive_real_cross_root_stage (test_c07_native_acceptance_plan.C07AcceptancePreparationPlanTests.test_comparison_and_scoring_preparation_all_refs_survive_real_cross_root_stage) ... ok
test_comparison_only_declares_one_output_and_partial_scoring_arguments_fail (test_c07_native_acceptance_plan.C07AcceptancePreparationPlanTests.test_comparison_only_declares_one_output_and_partial_scoring_arguments_fail) ... ok
test_plan_profile_keeps_single_attempt_scope (test_c07_native_scoring_profile.C07NativeScoringProfileTests.test_plan_profile_keeps_single_attempt_scope) ... ok
test_profile_has_exact_five_roles_and_candidate_identity (test_c07_native_scoring_profile.C07NativeScoringProfileTests.test_profile_has_exact_five_roles_and_candidate_identity) ... ok
test_three_preparation_failures_stay_in_c07_denominator (test_c07_native_scoring_profile.C07NativeScoringProfileTests.test_three_preparation_failures_stay_in_c07_denominator) ... ok
test_acceptance_scoring_argv_contract_is_explicit (test_c08_native_scoring_profile.C08NativeScoringProfileTests.test_acceptance_scoring_argv_contract_is_explicit) ... ok
test_plan_and_launcher_are_c08_only (test_c08_native_scoring_profile.C08NativeScoringProfileTests.test_plan_and_launcher_are_c08_only) ... ok
test_profile_isolated_from_shared_c14_defaults (test_c08_native_scoring_profile.C08NativeScoringProfileTests.test_profile_isolated_from_shared_c14_defaults) ... ok
test_six_role_readout_deduplicates_alias_and_retains_failures (test_c08_native_scoring_profile.C08NativeScoringProfileTests.test_six_role_readout_deduplicates_alias_and_retains_failures) ... ok
test_duplicate_json_key_is_rejected (test_c10_native_comparison.C10NativeComparisonTests.test_duplicate_json_key_is_rejected) ... ok
test_real_common_target_artifact_freezes_all_five_roles (test_c10_native_comparison.C10NativeComparisonTests.test_real_common_target_artifact_freezes_all_five_roles) ... ERROR
test_all_pinned_inputs_are_snapshotted_before_scoring (test_c10_native_scoring.C10NativeScoringTests.test_all_pinned_inputs_are_snapshotted_before_scoring) ... ok
test_failed_role_stays_in_logical_denominator_but_is_not_staged (test_c10_native_scoring.C10NativeScoringTests.test_failed_role_stays_in_logical_denominator_but_is_not_staged) ... ok
test_retained_json_rejects_duplicate_keys (test_c10_native_scoring.C10NativeScoringTests.test_retained_json_rejects_duplicate_keys) ... ok
test_unique_physical_cases_stage_once_and_keep_candidate_certificate (test_c10_native_scoring.C10NativeScoringTests.test_unique_physical_cases_stage_once_and_keep_candidate_certificate) ... ok
test_contract_fixes_candidate_baseline_controls_and_official_scorer (test_c10_native_scoring_plan.C10NativeScoringPlanTests.test_contract_fixes_candidate_baseline_controls_and_official_scorer) ... ok
test_frozen_arm_bindings_cover_every_physical_implementation (test_c10_native_scoring_plan.C10NativeScoringPlanTests.test_frozen_arm_bindings_cover_every_physical_implementation) ... ok
test_method_boundary_requires_c10_design_verification (test_c10_native_scoring_plan.C10NativeScoringPlanTests.test_method_boundary_requires_c10_design_verification) ... ok
test_native_context_b0_uses_generation_identity_not_candidate_report_field (test_c10_native_scoring_plan.C10NativeScoringPlanTests.test_native_context_b0_uses_generation_identity_not_candidate_report_field) ... ok
test_outputs_are_receipt_bound_raw_bundle_not_a_verdict (test_c10_native_scoring_plan.C10NativeScoringPlanTests.test_outputs_are_receipt_bound_raw_bundle_not_a_verdict) ... ok
test_scientific_job_is_one_confirmation_attempt_zero_retry (test_c10_native_scoring_plan.C10NativeScoringPlanTests.test_scientific_job_is_one_confirmation_attempt_zero_retry) ... ok
test_plan_and_launcher_have_only_c10_identity (test_c10_native_scoring_profile.C10NativeScoringProfileTests.test_plan_and_launcher_have_only_c10_identity) ... ok
test_profile_isolated_from_c14_defaults (test_c10_native_scoring_profile.C10NativeScoringProfileTests.test_profile_isolated_from_c14_defaults) ... ok
test_complete_artifact_freezes_five_roles_and_deduplicates_alias (test_c11_native_comparison.C11NativeComparisonTests.test_complete_artifact_freezes_five_roles_and_deduplicates_alias) ... ok
test_plan_and_launcher_keep_c11_identity (test_c11_native_scoring_profile.C11NativeScoringProfileTests.test_plan_and_launcher_keep_c11_identity) ... ok
test_profile_isolated_from_c14_defaults (test_c11_native_scoring_profile.C11NativeScoringProfileTests.test_profile_isolated_from_c14_defaults) ... ok
test_complete_artifact_freezes_five_roles_and_aliases_bstar (test_c12_native_comparison.C12NativeComparisonTests.test_complete_artifact_freezes_five_roles_and_aliases_bstar) ... ok
test_profile_keeps_zero_retry_and_single_use_scope (test_c12_native_scoring_plan.C12NativeScoringPlanTests.test_profile_keeps_zero_retry_and_single_use_scope) ... ok
test_profile_has_exact_five_roles_and_candidate_identity (test_c12_native_scoring_profile.C12NativeScoringProfileTests.test_profile_has_exact_five_roles_and_candidate_identity) ... ok
test_alias_cannot_point_to_itself_or_unknown_role (test_c13_native_comparison.C13NativeComparisonTests.test_alias_cannot_point_to_itself_or_unknown_role) ... ok
test_b_star_must_be_explicitly_frozen_before_scores_exist (test_c13_native_comparison.C13NativeComparisonTests.test_b_star_must_be_explicitly_frozen_before_scores_exist) ... ok
test_changed_timeline_or_topology_is_rejected (test_c13_native_comparison.C13NativeComparisonTests.test_changed_timeline_or_topology_is_rejected) ... ok
test_changed_topology_is_rejected_even_when_report_rehashes_it (test_c13_native_comparison.C13NativeComparisonTests.test_changed_topology_is_rejected_even_when_report_rehashes_it) ... ok
test_failed_physical_arm_is_retained_without_a_scoring_case (test_c13_native_comparison.C13NativeComparisonTests.test_failed_physical_arm_is_retained_without_a_scoring_case) ... ok
test_freeze_keeps_five_roles_but_deduplicates_explicit_b_star_alias (test_c13_native_comparison.C13NativeComparisonTests.test_freeze_keeps_five_roles_but_deduplicates_explicit_b_star_alias) ... ok
test_physical_b_star_duplicate_of_later_control_requires_alias (test_c13_native_comparison.C13NativeComparisonTests.test_physical_b_star_duplicate_of_later_control_requires_alias) ... ok
test_failures_remain_in_denominator_and_are_never_zero_imputed (test_c13_native_scoring.C13NativeScoringTests.test_failures_remain_in_denominator_and_are_never_zero_imputed) ... ok
test_logical_readout_expands_alias_without_duplicate_measurement (test_c13_native_scoring.C13NativeScoringTests.test_logical_readout_expands_alias_without_duplicate_measurement) ... ok
test_raw_bundle_is_deterministic_and_tamper_evident (test_c13_native_scoring.C13NativeScoringTests.test_raw_bundle_is_deterministic_and_tamper_evident) ... ok
test_raw_bundle_rejects_links (test_c13_native_scoring.C13NativeScoringTests.test_raw_bundle_rejects_links) ... ok
test_stage_cases_copies_exact_unique_physical_inputs (test_c13_native_scoring.C13NativeScoringTests.test_stage_cases_copies_exact_unique_physical_inputs) ... ok
test_validate_official_report_rejects_changed_input_hash (test_c13_native_scoring.C13NativeScoringTests.test_validate_official_report_rejects_changed_input_hash) ... ok
test_admission_digest_and_exact_scope_are_required (test_c13_native_scoring_plan.C13NativeScoringPlanTests.test_admission_digest_and_exact_scope_are_required) ... ok
test_arm_binding_uses_frozen_method_ids_and_every_implementation (test_c13_native_scoring_plan.C13NativeScoringPlanTests.test_arm_binding_uses_frozen_method_ids_and_every_implementation) ... ok
test_contract_requires_all_three_named_controls (test_c13_native_scoring_plan.C13NativeScoringPlanTests.test_contract_requires_all_three_named_controls) ... ok
test_contract_requires_group_as_treatment_and_b_star_as_baseline (test_c13_native_scoring_plan.C13NativeScoringPlanTests.test_contract_requires_group_as_treatment_and_b_star_as_baseline) ... ok
test_contract_requires_official_scorer (test_c13_native_scoring_plan.C13NativeScoringPlanTests.test_contract_requires_official_scorer) ... ok
test_method_boundary_must_be_design_verified_for_c13 (test_c13_native_scoring_plan.C13NativeScoringPlanTests.test_method_boundary_must_be_design_verified_for_c13) ... ok
test_one_attempt_preserves_protocol_mode_and_treatment_role (test_c13_native_scoring_plan.C13NativeScoringPlanTests.test_one_attempt_preserves_protocol_mode_and_treatment_role) ... ok
test_outputs_require_result_manifest_and_archive (test_c13_native_scoring_plan.C13NativeScoringPlanTests.test_outputs_require_result_manifest_and_archive) ... ok
test_alias_cannot_point_to_itself_or_unknown_role (test_c14_native_comparison.C14NativeComparisonTests.test_alias_cannot_point_to_itself_or_unknown_role) ... ok
test_all_byte_identical_physical_roles_share_one_measurement (test_c14_native_comparison.C14NativeComparisonTests.test_all_byte_identical_physical_roles_share_one_measurement) ... ERROR
test_b_star_must_be_explicitly_frozen_before_scores_exist (test_c14_native_comparison.C14NativeComparisonTests.test_b_star_must_be_explicitly_frozen_before_scores_exist) ... ok
test_candidate_certificate_is_part_of_the_scoring_input_closure (test_c14_native_comparison.C14NativeComparisonTests.test_candidate_certificate_is_part_of_the_scoring_input_closure) ... ERROR
test_changed_timeline_or_topology_is_rejected (test_c14_native_comparison.C14NativeComparisonTests.test_changed_timeline_or_topology_is_rejected) ... ok
test_changed_topology_is_rejected_even_when_report_rehashes_it (test_c14_native_comparison.C14NativeComparisonTests.test_changed_topology_is_rejected_even_when_report_rehashes_it) ... ok
test_failed_physical_arm_is_retained_without_a_scoring_case (test_c14_native_comparison.C14NativeComparisonTests.test_failed_physical_arm_is_retained_without_a_scoring_case) ... ERROR
test_freeze_keeps_five_roles_but_deduplicates_explicit_b_star_alias (test_c14_native_comparison.C14NativeComparisonTests.test_freeze_keeps_five_roles_but_deduplicates_explicit_b_star_alias) ... ERROR
test_archived_frozen_inputs_bind_request_report_certificate_and_poses (test_c14_native_scoring.C14NativeScoringTests.test_archived_frozen_inputs_bind_request_report_certificate_and_poses) ... ok
test_failures_remain_in_denominator_and_are_never_zero_imputed (test_c14_native_scoring.C14NativeScoringTests.test_failures_remain_in_denominator_and_are_never_zero_imputed) ... ok
test_logical_readout_expands_alias_without_duplicate_measurement (test_c14_native_scoring.C14NativeScoringTests.test_logical_readout_expands_alias_without_duplicate_measurement) ... ok
test_partial_bundle_is_deterministic_but_not_a_valid_delivery (test_c14_native_scoring.C14NativeScoringTests.test_partial_bundle_is_deterministic_but_not_a_valid_delivery) ... ok
test_raw_bundle_rejects_links (test_c14_native_scoring.C14NativeScoringTests.test_raw_bundle_rejects_links) ... ok
test_retained_json_rejects_duplicate_keys (test_c14_native_scoring.C14NativeScoringTests.test_retained_json_rejects_duplicate_keys) ... ok
test_stage_cases_copies_exact_unique_physical_inputs (test_c14_native_scoring.C14NativeScoringTests.test_stage_cases_copies_exact_unique_physical_inputs) ... ok
test_validate_official_report_rejects_changed_input_hash (test_c14_native_scoring.C14NativeScoringTests.test_validate_official_report_rejects_changed_input_hash) ... ok
test_admission_digest_and_exact_scope_are_required (test_c14_native_scoring_plan.C14NativeScoringPlanTests.test_admission_digest_and_exact_scope_are_required) ... ok
test_arm_binding_uses_frozen_method_ids_and_every_implementation (test_c14_native_scoring_plan.C14NativeScoringPlanTests.test_arm_binding_uses_frozen_method_ids_and_every_implementation) ... ok
test_authorization_reservation_is_recoverable_then_consumed_once (test_c14_native_scoring_plan.C14NativeScoringPlanTests.test_authorization_reservation_is_recoverable_then_consumed_once) ... ok
test_contract_requires_all_three_named_controls (test_c14_native_scoring_plan.C14NativeScoringPlanTests.test_contract_requires_all_three_named_controls) ... ok
test_contract_requires_corotational_treatment_and_b_star_baseline (test_c14_native_scoring_plan.C14NativeScoringPlanTests.test_contract_requires_corotational_treatment_and_b_star_baseline) ... ok
test_contract_requires_official_scorer (test_c14_native_scoring_plan.C14NativeScoringPlanTests.test_contract_requires_official_scorer) ... ok
test_final_consumption_claim_and_staged_ticket_close_one_chain (test_c14_native_scoring_plan.C14NativeScoringPlanTests.test_final_consumption_claim_and_staged_ticket_close_one_chain) ... FAIL
test_installed_stage_rewrites_hash_bound_launch_ticket (test_c14_native_scoring_plan.C14NativeScoringPlanTests.test_installed_stage_rewrites_hash_bound_launch_ticket) ... ok
test_method_boundary_must_be_design_verified_for_c14 (test_c14_native_scoring_plan.C14NativeScoringPlanTests.test_method_boundary_must_be_design_verified_for_c14) ... ok
test_one_attempt_preserves_protocol_mode_and_treatment_role (test_c14_native_scoring_plan.C14NativeScoringPlanTests.test_one_attempt_preserves_protocol_mode_and_treatment_role) ... ok
test_outputs_require_result_manifest_and_archive (test_c14_native_scoring_plan.C14NativeScoringPlanTests.test_outputs_require_result_manifest_and_archive) ... ok
test_content_digest_deduplicates_equal_arrays_not_container_bytes (test_c15_native_comparison.C15NativeComparisonTests.test_content_digest_deduplicates_equal_arrays_not_container_bytes) ... ok
test_every_completed_role_requires_exact_anchor (test_c15_native_comparison.C15NativeComparisonTests.test_every_completed_role_requires_exact_anchor) ... ok
test_freeze_requires_six_ordered_roles_and_motion_primary (test_c15_native_comparison.C15NativeComparisonTests.test_freeze_requires_six_ordered_roles_and_motion_primary) ... ok
test_named_gaussian_is_not_replaced_by_b0_or_b_star (test_c15_native_comparison.C15NativeComparisonTests.test_named_gaussian_is_not_replaced_by_b0_or_b_star) ... ok
test_alias_expands_without_duplicate_official_measurement (test_c15_native_scoring_delivery.C15NativeScoringDeliveryTests.test_alias_expands_without_duplicate_official_measurement) ... ok
test_failed_roles_remain_denominator_without_zero_imputation (test_c15_native_scoring_delivery.C15NativeScoringDeliveryTests.test_failed_roles_remain_denominator_without_zero_imputation) ... ok
test_stage_cases_retains_certificates_and_full_input_closure (test_c15_native_scoring_delivery.C15NativeScoringDeliveryTests.test_stage_cases_retains_certificates_and_full_input_closure) ... ok
test_claim_is_single_owner_and_reused_after_interruption (test_c15_native_scoring_launcher.C15NativeScoringLauncherTests.test_claim_is_single_owner_and_reused_after_interruption) ... ok
test_launch_requires_complete_installed_harness_before_claim (test_c15_native_scoring_launcher.C15NativeScoringLauncherTests.test_launch_requires_complete_installed_harness_before_claim) ... ok
test_arm_binding_uses_all_physical_implementations (test_c15_native_scoring_plan.C15NativeScoringPlanTests.test_arm_binding_uses_all_physical_implementations) ... ok
test_contract_keeps_rank_matched_operation_control (test_c15_native_scoring_plan.C15NativeScoringPlanTests.test_contract_keeps_rank_matched_operation_control) ... ok
test_contract_requires_six_roles_and_named_gaussian (test_c15_native_scoring_plan.C15NativeScoringPlanTests.test_contract_requires_six_roles_and_named_gaussian) ... ok
test_method_boundary_must_be_design_verified_for_c15 (test_c15_native_scoring_plan.C15NativeScoringPlanTests.test_method_boundary_must_be_design_verified_for_c15) ... ok
test_one_attempt_is_confirmation_only_and_zero_retry (test_c15_native_scoring_plan.C15NativeScoringPlanTests.test_one_attempt_is_confirmation_only_and_zero_retry) ... ok
test_outputs_require_result_manifest_and_raw_archive (test_c15_native_scoring_plan.C15NativeScoringPlanTests.test_outputs_require_result_manifest_and_raw_archive) ... ok
test_plan_and_launcher_have_only_c15_identity (test_c15_native_scoring_profile.C15NativeScoringProfileTests.test_plan_and_launcher_have_only_c15_identity) ... ok
test_profile_isolated_from_c14_defaults (test_c15_native_scoring_profile.C15NativeScoringProfileTests.test_profile_isolated_from_c14_defaults) ... ok
test_action_basis_is_w_orthogonal_to_full_phase_design (test_c20_source_chain.C20SourceChainTests.test_action_basis_is_w_orthogonal_to_full_phase_design) ... ok
test_freeze_schema_rejects_camera_or_gt_substitution (test_c20_source_chain.C20SourceChainTests.test_freeze_schema_rejects_camera_or_gt_substitution) ... ok
test_freeze_uses_exact_released_benchmark (test_c20_source_chain.C20SourceChainTests.test_freeze_uses_exact_released_benchmark) ... ok
test_native_identity_validator_rejects_frame_subsets (test_c20_source_chain.C20SourceChainTests.test_native_identity_validator_rejects_frame_subsets) ... ok
test_profile_has_exact_six_roles_and_distinct_candidate (test_c20_source_chain.C20SourceChainTests.test_profile_has_exact_six_roles_and_distinct_candidate) ... ok
test_six_role_readout_keeps_treatment_failure_in_denominator (test_c20_source_chain.C20SourceChainTests.test_six_role_readout_keeps_treatment_failure_in_denominator) ... ok
test_terminal_failure_is_not_a_scoreable_sequence (test_c20_source_chain.C20SourceChainTests.test_terminal_failure_is_not_a_scoreable_sequence) ... ok
test_completed_result_freezes_measured_cost_without_scientific_claim (test_complete_unit_admission.CompleteUnitAdmissionTests.test_completed_result_freezes_measured_cost_without_scientific_claim) ... ok
test_contract_is_prospective_and_cannot_claim_scientific_qualification (test_complete_unit_admission.CompleteUnitAdmissionTests.test_contract_is_prospective_and_cannot_claim_scientific_qualification) ... ok
test_execution_binding_rejects_stage_or_context_disagreement (test_complete_unit_admission.CompleteUnitAdmissionTests.test_execution_binding_rejects_stage_or_context_disagreement) ... ok
test_object_digest_is_canonical_and_rejects_non_json_numbers (test_complete_unit_admission.CompleteUnitAdmissionTests.test_object_digest_is_canonical_and_rejects_non_json_numbers) ... ok
test_output_closure_requires_exact_117_receipt_refs_and_nested_hashes (test_complete_unit_admission.CompleteUnitAdmissionTests.test_output_closure_requires_exact_117_receipt_refs_and_nested_hashes) ... ok
test_raw_official_report_rebinds_seed_denominator_and_three_rows (test_complete_unit_admission.CompleteUnitAdmissionTests.test_raw_official_report_rebinds_seed_denominator_and_three_rows) ... ok
test_raw_telemetry_rebinds_counts_peaks_identity_and_errors (test_complete_unit_admission.CompleteUnitAdmissionTests.test_raw_telemetry_rebinds_counts_peaks_identity_and_errors) ... ok
test_result_rejects_failure_claim_or_invalid_resource_measurement (test_complete_unit_admission.CompleteUnitAdmissionTests.test_result_rejects_failure_claim_or_invalid_resource_measurement) ... ok
test_origin_closure_includes_harness_native_and_attempt_records (test_complete_unit_admission_plan.CompleteUnitAdmissionPlanTests.test_origin_closure_includes_harness_native_and_attempt_records) ... ok
test_origin_closure_rejects_more_than_one_attempt (test_complete_unit_admission_plan.CompleteUnitAdmissionPlanTests.test_origin_closure_rejects_more_than_one_attempt) ... ok
test_reference_closure_skips_external_diagnostic_refs (test_complete_unit_admission_plan.CompleteUnitAdmissionPlanTests.test_reference_closure_skips_external_diagnostic_refs) ... ok
test_runner_output_paths_stages_nested_files_not_in_receipt_outputs (test_complete_unit_admission_plan.CompleteUnitAdmissionPlanTests.test_runner_output_paths_stages_nested_files_not_in_receipt_outputs) ... ok
test_all_three_distinct_successful_full_frame_rows_required (test_complete_unit_contract.CompleteUnitContractTests.test_all_three_distinct_successful_full_frame_rows_required) ... ok
test_complete_success_inventory_binds_every_arm_and_raw_official_output (test_complete_unit_contract.CompleteUnitContractTests.test_complete_success_inventory_binds_every_arm_and_raw_official_output) ... ok
test_default_generation_does_not_silently_enable_fallback (test_complete_unit_contract.CompleteUnitContractTests.test_default_generation_does_not_silently_enable_fallback) ... ok
test_explicit_repair_uses_full_quality_fp16_low_ram (test_complete_unit_contract.CompleteUnitContractTests.test_explicit_repair_uses_full_quality_fp16_low_ram) ... ok
test_profile_validation_rejects_silent_or_mixed_repairs (test_complete_unit_contract.CompleteUnitContractTests.test_profile_validation_rejects_silent_or_mixed_repairs) ... ok
test_inverse_official_axis_transform (test_complete_unit_export.CompleteUnitExportTests.test_inverse_official_axis_transform) ... ok
test_preserves_identity_timeline_and_vertices (test_complete_unit_export.CompleteUnitExportTests.test_preserves_identity_timeline_and_vertices) ... ok
test_rejects_invalid_faces (test_complete_unit_export.CompleteUnitExportTests.test_rejects_invalid_faces) ... ok
test_rejects_nonfinite_or_missing_frames (test_complete_unit_export.CompleteUnitExportTests.test_rejects_nonfinite_or_missing_frames) ... ok
test_failed_subprocess_retains_exit_and_logs (test_complete_unit_runner.CompleteUnitRunnerTests.test_failed_subprocess_retains_exit_and_logs) ... ok
test_full128_mode_requires_exact_argument_bundle_and_canonical_price (test_complete_unit_runner.CompleteUnitRunnerTests.test_full128_mode_requires_exact_argument_bundle_and_canonical_price) ... ok
test_full128_prerequisite_check_returns_selected_not_template_manifest (test_complete_unit_runner.CompleteUnitRunnerTests.test_full128_prerequisite_check_returns_selected_not_template_manifest) ... ok
test_full128_wall_limit_must_equal_admitted_unit_price (test_complete_unit_runner.CompleteUnitRunnerTests.test_full128_wall_limit_must_equal_admitted_unit_price) ... ok
test_official_export_requires_all_glbs_and_exact_agreement (test_complete_unit_runner.CompleteUnitRunnerTests.test_official_export_requires_all_glbs_and_exact_agreement) ... ok
test_timeout_retains_typed_failure (test_complete_unit_runner.CompleteUnitRunnerTests.test_timeout_retains_typed_failure) ... ok
test_timeout_terminates_descendant_process (test_complete_unit_runner.CompleteUnitRunnerTests.test_timeout_terminates_descendant_process) ... ok
test_bounded_search_reports_candidate_cap (test_contact_events.ContactEventControls.test_bounded_search_reports_candidate_cap) ... ok
test_demo_has_success_failure_and_no_natural_evidence_claim (test_contact_events.ContactEventControls.test_demo_has_success_failure_and_no_natural_evidence_claim) ... ok
test_event_repair_does_not_claim_advantage_over_same_information_solver (test_contact_events.ContactEventControls.test_event_repair_does_not_claim_advantage_over_same_information_solver) ... ok
test_feasible_timing_error_is_solved_by_retiming_baseline (test_contact_events.ContactEventControls.test_feasible_timing_error_is_solved_by_retiming_baseline) ... ok
test_insert_delete_and_unknown_are_separate_operations (test_contact_events.ContactEventControls.test_insert_delete_and_unknown_are_separate_operations) ... ok
test_invalid_or_nonfinite_inputs_are_rejected (test_contact_events.ContactEventControls.test_invalid_or_nonfinite_inputs_are_rejected) ... ok
test_missing_contact_is_repaired_within_actual_l2_budget (test_contact_events.ContactEventControls.test_missing_contact_is_repaired_within_actual_l2_budget) ... ok
test_partner_and_contact_mode_are_not_interchangeable (test_contact_events.ContactEventControls.test_partner_and_contact_mode_are_not_interchangeable) ... ok
test_retiming_prioritizes_exact_contact_over_smaller_displacement (test_contact_events.ContactEventControls.test_retiming_prioritizes_exact_contact_over_smaller_displacement) ... ok
test_simultaneous_incompatible_contacts_are_infeasible (test_contact_events.ContactEventControls.test_simultaneous_incompatible_contacts_are_infeasible) ... ok
test_strict_monotone_retiming_preserves_event_order (test_contact_events.ContactEventControls.test_strict_monotone_retiming_preserves_event_order) ... ok
test_unknown_observation_does_not_become_noncontact (test_contact_events.ContactEventControls.test_unknown_observation_does_not_become_noncontact) ... ok
test_contact_module_is_implemented (test_contact_events.ImplementationExists.test_contact_module_is_implemented) ... ok
test_acceptance_source_closure_includes_full128_root_imports (test_control_plan.ControlPlanTest.test_acceptance_source_closure_includes_full128_root_imports)
Catch isolated acceptance omitting modules imported by window tests. ... ok
test_acceptance_source_closure_includes_parity_finalizer (test_control_plan.ControlPlanTest.test_acceptance_source_closure_includes_parity_finalizer) ... ok
test_acceptance_stages_c13_candidate_and_plan (test_control_plan.ControlPlanTest.test_acceptance_stages_c13_candidate_and_plan) ... ok
test_acceptance_stages_native_context_and_external_supervisor (test_control_plan.ControlPlanTest.test_acceptance_stages_native_context_and_external_supervisor)
An isolated acceptance workspace must include the out-of-package CLI. ... ok
test_acceptance_stages_quadratic_control_and_plan (test_control_plan.ControlPlanTest.test_acceptance_stages_quadratic_control_and_plan) ... ok
test_acceptance_stages_real_g01_design_and_every_bound_source (test_control_plan.ControlPlanTest.test_acceptance_stages_real_g01_design_and_every_bound_source) ... ok
test_changed_source_report_blocks_plan (test_control_plan.ControlPlanTest.test_changed_source_report_blocks_plan) ... ok
test_delivery_inventory_attaches_quadratic_control_only_to_c13 (test_control_plan.ControlPlanTest.test_delivery_inventory_attaches_quadratic_control_only_to_c13) ... FAIL
test_group_candidate_plan_hash_pins_explicit_metric (test_control_plan.ControlPlanTest.test_group_candidate_plan_hash_pins_explicit_metric) ... ok
test_group_candidate_plan_keeps_outer_cpu_budget_within_work_window (test_control_plan.ControlPlanTest.test_group_candidate_plan_keeps_outer_cpu_budget_within_work_window) ... ok
test_group_candidate_plan_uses_identity_metric_and_zero_gpu (test_control_plan.ControlPlanTest.test_group_candidate_plan_uses_identity_metric_and_zero_gpu) ... ok
test_plan_output_cannot_overwrite_existing_work (test_control_plan.ControlPlanTest.test_plan_output_cannot_overwrite_existing_work) ... ok
test_plan_pins_both_source_files_and_cpu_only_resources (test_control_plan.ControlPlanTest.test_plan_pins_both_source_files_and_cpu_only_resources) ... ok
test_quadratic_plan_is_single_cpu_arm_and_pins_source (test_control_plan.ControlPlanTest.test_quadratic_plan_is_single_cpu_arm_and_pins_source) ... ok
test_source_outside_project_rejected (test_control_plan.ControlPlanTest.test_source_outside_project_rejected) ... ok
test_anchor_change_rejected (test_control_scoring.ControlScoringContracts.test_anchor_change_rejected) ... ok
test_arm_ids_cannot_be_counted_as_assets (test_control_scoring.ControlScoringContracts.test_arm_ids_cannot_be_counted_as_assets) ... ok
test_boolean_metric_is_rejected (test_control_scoring.ControlScoringContracts.test_boolean_metric_is_rejected) ... ok
test_bound_native_output_is_only_a_parser_acceptance (test_control_scoring.ControlScoringContracts.test_bound_native_output_is_only_a_parser_acceptance) ... ok
test_bundle_excludes_ground_truth_but_keeps_all_raw_arms (test_control_scoring.ControlScoringContracts.test_bundle_excludes_ground_truth_but_keeps_all_raw_arms) ... ok
test_command_runs_existing_scorer_with_full_native_options (test_control_scoring.ControlScoringContracts.test_command_runs_existing_scorer_with_full_native_options) ... ok
test_complete_dependency_inventory_is_accepted_as_inventory_only (test_control_scoring.ControlScoringContracts.test_complete_dependency_inventory_is_accepted_as_inventory_only) ... ok
test_deltas_are_control_minus_native (test_control_scoring.ControlScoringContracts.test_deltas_are_control_minus_native) ... ok
test_different_contract_sampling_is_rejected_before_dispatch (test_control_scoring.ControlScoringContracts.test_different_contract_sampling_is_rejected_before_dispatch) ... ok
test_error_twice_is_not_successful_replay (test_control_scoring.ControlScoringContracts.test_error_twice_is_not_successful_replay) ... ok
test_exact_full_timeline_and_topology_accepted (test_control_scoring.ControlScoringContracts.test_exact_full_timeline_and_topology_accepted) ... ok
test_extra_native_array_change_rejected (test_control_scoring.ControlScoringContracts.test_extra_native_array_change_rejected) ... ok
test_fractional_frame_indices_rejected (test_control_scoring.ControlScoringContracts.test_fractional_frame_indices_rejected) ... ok
test_initial_record_keeps_all_six_unattempted_passes (test_control_scoring.ControlScoringContracts.test_initial_record_keeps_all_six_unattempted_passes) ... ok
test_input_bundle_is_available_before_scoring (test_control_scoring.ControlScoringContracts.test_input_bundle_is_available_before_scoring) ... ok
test_manifest_extra_arm_is_rejected (test_control_scoring.ControlScoringContracts.test_manifest_extra_arm_is_rejected) ... ok
test_metadata_drop_rejected (test_control_scoring.ControlScoringContracts.test_metadata_drop_rejected) ... ok
test_missing_arm_retains_declared_denominator (test_control_scoring.ControlScoringContracts.test_missing_arm_retains_declared_denominator) ... ok
test_missing_body_pose_dependency_is_rejected (test_control_scoring.ControlScoringContracts.test_missing_body_pose_dependency_is_rejected) ... ok
test_missing_input_is_retained_as_transport_failure (test_control_scoring.ControlScoringContracts.test_missing_input_is_retained_as_transport_failure) ... ok
test_missing_source_report_dependency_is_rejected (test_control_scoring.ControlScoringContracts.test_missing_source_report_dependency_is_rejected) ... ok
test_missing_summary_dependency_is_rejected (test_control_scoring.ControlScoringContracts.test_missing_summary_dependency_is_rejected) ... ok
test_native_backend_error_remains_an_error_with_declared_asset (test_control_scoring.ControlScoringContracts.test_native_backend_error_remains_an_error_with_declared_asset) ... ok
test_negative_score_cannot_be_a_successful_pair (test_control_scoring.ControlScoringContracts.test_negative_score_cannot_be_a_successful_pair) ... ok
test_nonescaping_symlink_refs_bind_canonical_scorer_paths (test_control_scoring.ControlScoringContracts.test_nonescaping_symlink_refs_bind_canonical_scorer_paths) ... ok
test_nonfinite_success_is_not_a_complete_pair (test_control_scoring.ControlScoringContracts.test_nonfinite_success_is_not_a_complete_pair) ... ok
test_pass_records_do_not_alias_other_arms (test_control_scoring.ControlScoringContracts.test_pass_records_do_not_alias_other_arms) ... ok
test_raw_output_changed_evaluator_hash_is_rejected (test_control_scoring.ControlScoringContracts.test_raw_output_changed_evaluator_hash_is_rejected) ... ok
test_raw_output_changed_gt_hash_is_rejected (test_control_scoring.ControlScoringContracts.test_raw_output_changed_gt_hash_is_rejected) ... ok
test_raw_output_changed_manifest_hash_is_rejected (test_control_scoring.ControlScoringContracts.test_raw_output_changed_manifest_hash_is_rejected) ... ok
test_raw_output_changed_official_source_hash_is_rejected (test_control_scoring.ControlScoringContracts.test_raw_output_changed_official_source_hash_is_rejected) ... ok
test_raw_output_changed_sampling_is_rejected (test_control_scoring.ControlScoringContracts.test_raw_output_changed_sampling_is_rejected) ... ok
test_raw_output_changed_sequence_hash_is_rejected (test_control_scoring.ControlScoringContracts.test_raw_output_changed_sequence_hash_is_rejected) ... ok
test_raw_output_failed_preparation_cannot_score_as_success (test_control_scoring.ControlScoringContracts.test_raw_output_failed_preparation_cannot_score_as_success) ... ok
test_raw_output_invalid_metric_cannot_be_success (test_control_scoring.ControlScoringContracts.test_raw_output_invalid_metric_cannot_be_success) ... ok
test_raw_output_missing_generator_report_is_rejected_for_success (test_control_scoring.ControlScoringContracts.test_raw_output_missing_generator_report_is_rejected_for_success) ... ok
test_raw_output_missing_official_source_is_rejected_for_success (test_control_scoring.ControlScoringContracts.test_raw_output_missing_official_source_is_rejected_for_success) ... ok
test_raw_output_nonzero_success_exit_is_rejected (test_control_scoring.ControlScoringContracts.test_raw_output_nonzero_success_exit_is_rejected) ... ok
test_raw_output_structural_and_path_mismatches_are_rejected (test_control_scoring.ControlScoringContracts.test_raw_output_structural_and_path_mismatches_are_rejected) ... ok
test_raw_output_wrong_device_is_rejected (test_control_scoring.ControlScoringContracts.test_raw_output_wrong_device_is_rejected) ... ok
test_raw_output_wrong_sampling_seed_is_rejected (test_control_scoring.ControlScoringContracts.test_raw_output_wrong_sampling_seed_is_rejected) ... ok
test_raw_output_wrong_uid_is_rejected_even_with_right_case_id (test_control_scoring.ControlScoringContracts.test_raw_output_wrong_uid_is_rejected_even_with_right_case_id) ... ok
test_ref_rejects_absolute_path (test_control_scoring.ControlScoringContracts.test_ref_rejects_absolute_path) ... ok
test_ref_rejects_changed_bytes (test_control_scoring.ControlScoringContracts.test_ref_rejects_changed_bytes) ... ok
test_ref_rejects_path_escape (test_control_scoring.ControlScoringContracts.test_ref_rejects_path_escape) ... ok
test_replay_disagreement_is_not_widened_into_a_pass (test_control_scoring.ControlScoringContracts.test_replay_disagreement_is_not_widened_into_a_pass) ... ok
test_sparse_contract_budget_is_rejected (test_control_scoring.ControlScoringContracts.test_sparse_contract_budget_is_rejected) ... ok
test_successful_identical_replay_has_no_scientific_gate_effect (test_control_scoring.ControlScoringContracts.test_successful_identical_replay_has_no_scientific_gate_effect) ... ok
test_telemetry_requires_physical_device_uuid (test_control_scoring.ControlScoringContracts.test_telemetry_requires_physical_device_uuid) ... ok
test_three_arm_manifest_requires_exact_case_mapping (test_control_scoring.ControlScoringContracts.test_three_arm_manifest_requires_exact_case_mapping) ... ok
test_topology_change_rejected (test_control_scoring.ControlScoringContracts.test_topology_change_rejected) ... ok
test_constructed_demo_explicitly_allows_output_baseline_to_win (test_controllability.ControllabilityTests.test_constructed_demo_explicitly_allows_output_baseline_to_win) ... ok
test_contract_only_projector_can_leave_model_tangent (test_controllability.ControllabilityTests.test_contract_only_projector_can_leave_model_tangent) ... ok
test_contract_orthogonality_roundoff_does_not_destroy_nullspace (test_controllability.ControllabilityTests.test_contract_orthogonality_roundoff_does_not_destroy_nullspace) ... ok
test_full_spd_edit_metric_changes_optimum (test_controllability.ControllabilityTests.test_full_spd_edit_metric_changes_optimum) ... ok
test_invalid_metrics_shapes_and_nonfinite_inputs_fail (test_controllability.ControllabilityTests.test_invalid_metrics_shapes_and_nonfinite_inputs_fail) ... ok
test_invertible_latent_reparameterization (test_controllability.ControllabilityTests.test_invertible_latent_reparameterization) ... ok
test_metric_projection_and_first_order_preservation (test_controllability.ControllabilityTests.test_metric_projection_and_first_order_preservation) ... ok
test_nested_gap_and_false_nesting_refusal (test_controllability.ControllabilityTests.test_nested_gap_and_false_nesting_refusal) ... ok
test_nonlinear_acceptance_backtracks_and_does_not_hide_rejection (test_controllability.ControllabilityTests.test_nonlinear_acceptance_backtracks_and_does_not_hide_rejection) ... ok
test_nullspace_rank_deficient_and_empty (test_controllability.ControllabilityTests.test_nullspace_rank_deficient_and_empty) ... ok
test_output_coordinates_and_metric_transform_together (test_controllability.ControllabilityTests.test_output_coordinates_and_metric_transform_together) ... ok
test_trust_solve_is_not_clipped_unbounded_solution (test_controllability.ControllabilityTests.test_trust_solve_is_not_clipped_unbounded_solution) ... ok
test_unbounded_reachability_does_not_imply_bounded_success (test_controllability.ControllabilityTests.test_unbounded_reachability_does_not_imply_bounded_success) ... ok
test_unreachable_rank_deficient_and_no_direction (test_controllability.ControllabilityTests.test_unreachable_rank_deficient_and_no_direction) ... ok
test_zero_radius_and_zero_target_are_not_nan_scores (test_controllability.ControllabilityTests.test_zero_radius_and_zero_target_are_not_nan_scores) ... ok
test_declared_group_tv_is_not_body_gaussian (test_corotational_residual_candidate.CorotationalResidualCandidateTest.test_declared_group_tv_is_not_body_gaussian) ... ok
test_exact_time_varying_rigid_motion_is_fixed_point (test_corotational_residual_candidate.CorotationalResidualCandidateTest.test_exact_time_varying_rigid_motion_is_fixed_point) ... ok
test_export_preserves_full_native_identity_and_hashes (test_corotational_residual_candidate.CorotationalResidualCandidateTest.test_export_preserves_full_native_identity_and_hashes) ... ok
test_nonconvergence_is_retained_as_failed_export (test_corotational_residual_candidate.CorotationalResidualCandidateTest.test_nonconvergence_is_retained_as_failed_export) ... ok
test_nonuniform_timestamps_change_the_declared_derivative_scaling (test_corotational_residual_candidate.CorotationalResidualCandidateTest.test_nonuniform_timestamps_change_the_declared_derivative_scaling) ... ok
test_pose_fit_refuses_collinear_anchor (test_corotational_residual_candidate.CorotationalResidualCandidateTest.test_pose_fit_refuses_collinear_anchor) ... ok
test_reconstruction_rejects_non_so3_factor (test_corotational_residual_candidate.CorotationalResidualCandidateTest.test_reconstruction_rejects_non_so3_factor) ... ok
test_plan_is_single_attempt_cpu_only_and_parameter_explicit (test_corotational_residual_plan.CorotationalResidualPlanSourceTest.test_plan_is_single_attempt_cpu_only_and_parameter_explicit) ... ok
test_real_stage_rewrites_and_freezes_cross_root_source_pair (test_corotational_residual_plan.CorotationalResidualPlanSourceTest.test_real_stage_rewrites_and_freezes_cross_root_source_pair) ... ok
test_any_observed_group_worsening_rejects_step_and_preserves_zero (test_correlated.CorrectionTests.test_any_observed_group_worsening_rejects_step_and_preserves_zero) ... ok
test_backtracking_honors_group_caps_and_trust_radius (test_correlated.CorrectionTests.test_backtracking_honors_group_caps_and_trust_radius) ... ok
test_bad_caps_nonfinite_jacobian_and_uncovered_groups_rejected (test_correlated.CorrectionTests.test_bad_caps_nonfinite_jacobian_and_uncovered_groups_rejected) ... ok
test_declared_budget_changes_precision_without_estimating_from_targets (test_correlated.CorrectionTests.test_declared_budget_changes_precision_without_estimating_from_targets) ... ok
test_seeded_benchmark_preserves_all_baselines_and_negative_controls (test_correlated.CorrectionTests.test_seeded_benchmark_preserves_all_baselines_and_negative_controls) ... ok
test_zero_residual_control_remains_exactly_unchanged (test_correlated.CorrectionTests.test_zero_residual_control_remains_exactly_unchanged) ... ok
test_bad_covariance_inputs_are_rejected (test_correlated.CovarianceTests.test_bad_covariance_inputs_are_rejected) ... ok
test_repeated_shared_bias_precision_saturates (test_correlated.CovarianceTests.test_repeated_shared_bias_precision_saturates) ... ok
test_woodbury_matches_dense_inverse_for_vectors_and_matrices (test_correlated.CovarianceTests.test_woodbury_matches_dense_inverse_for_vectors_and_matrices) ... ok
test_bad_controls_shapes_and_nonfinite_inputs_fail_closed (test_correlated_calibration.CorrelatedCalibrationTests.test_bad_controls_shapes_and_nonfinite_inputs_fail_closed) ... ok
test_diagonal_and_intercept_are_real_restricted_optimizers (test_correlated_calibration.CorrelatedCalibrationTests.test_diagonal_and_intercept_are_real_restricted_optimizers) ... ok
test_frozen_json_round_trip_and_tampering_checks (test_correlated_calibration.CorrelatedCalibrationTests.test_frozen_json_round_trip_and_tampering_checks) ... ok
test_full_squared_recovers_independent_closed_form_with_unpenalized_intercept (test_correlated_calibration.CorrelatedCalibrationTests.test_full_squared_recovers_independent_closed_form_with_unpenalized_intercept) ... ok
test_irls_all_restrictions_have_actual_vector_loss_stationarity (test_correlated_calibration.CorrelatedCalibrationTests.test_irls_all_restrictions_have_actual_vector_loss_stationarity) ... ok
test_native_full16_application_preserves_anchor_and_does_not_clip (test_correlated_calibration.CorrelatedCalibrationTests.test_native_full16_application_preserves_anchor_and_does_not_clip) ... ok
test_nonconvergence_retains_diagnostics_and_never_returns_fallback (test_correlated_calibration.CorrelatedCalibrationTests.test_nonconvergence_retains_diagnostics_and_never_returns_fallback) ... ok
test_overflow_rejection_preserves_finite_history (test_correlated_calibration.CorrelatedCalibrationTests.test_overflow_rejection_preserves_finite_history) ... ok
test_rank_deficient_reference_and_zero_weight_rows_are_legal (test_correlated_calibration.CorrelatedCalibrationTests.test_rank_deficient_reference_and_zero_weight_rows_are_legal) ... ok
test_weight_scale_is_not_silently_normalized (test_correlated_calibration.CorrelatedCalibrationTests.test_weight_scale_is_not_silently_normalized) ... ok
test_bounds_reject_policy_fails_closed (test_correlated_calibration_candidate.C03CandidateBoundaryTests.test_bounds_reject_policy_fails_closed) ... ok
test_bounds_reports_without_clipping (test_correlated_calibration_candidate.C03CandidateBoundaryTests.test_bounds_reports_without_clipping) ... ok
test_retained_artifact_recomputes_all_declared_roles (test_correlated_calibration_candidate.C03RetainedNativeAcceptance.test_retained_artifact_recomputes_all_declared_roles) ... skipped 'C03 retained-artifact environment is Local-only'
test_byte_limit_rejects_capture_before_forward (test_decoder_observer.DecoderObserverTests.test_byte_limit_rejects_capture_before_forward) ... ok
test_capture_is_bit_exact_nonmutating_and_preserves_rng (test_decoder_observer.DecoderObserverTests.test_capture_is_bit_exact_nonmutating_and_preserves_rng) ... ok
test_exact_persisted_payload_limit_accepts_complete_capture (test_decoder_observer.DecoderObserverTests.test_exact_persisted_payload_limit_accepts_complete_capture) ... ok
test_existing_output_is_preserved_and_tampering_rejected (test_decoder_observer.DecoderObserverTests.test_existing_output_is_preserved_and_tampering_rejected) ... ok
test_forward_failure_keeps_inputs_and_detaches_hooks (test_decoder_observer.DecoderObserverTests.test_forward_failure_keeps_inputs_and_detaches_hooks) ... ok
test_partial_hook_registration_is_rolled_back (test_decoder_observer.DecoderObserverTests.test_partial_hook_registration_is_rolled_back) ... ok
test_persisted_payload_limit_counts_both_input_files (test_decoder_observer.DecoderObserverTests.test_persisted_payload_limit_counts_both_input_files) ... ok
test_positional_inputs_and_bfloat16_roundtrip (test_decoder_observer.DecoderObserverTests.test_positional_inputs_and_bfloat16_roundtrip) ... ok
test_b_star_freeze_covers_all_candidates_and_only_declared_controls (test_g01_design.G01DesignTests.test_b_star_freeze_covers_all_candidates_and_only_declared_controls) ... ERROR
test_b_star_freeze_recomputes_complete_d1_minimum (test_g01_design.G01DesignTests.test_b_star_freeze_recomputes_complete_d1_minimum) ... ERROR
test_c15_preparer_and_shared_support_are_frozen_and_extra_code_is_rejected (test_g01_design.G01DesignTests.test_c15_preparer_and_shared_support_are_frozen_and_extra_code_is_rejected) ... ERROR
test_changed_candidate_spec_is_rejected (test_g01_design.G01DesignTests.test_changed_candidate_spec_is_rejected) ... ok
test_duplicate_json_keys_are_rejected (test_g01_design.G01DesignTests.test_duplicate_json_keys_are_rejected) ... ok
test_family_label_unrelated_to_metadata_and_category_swap_are_rejected (test_g01_design.G01DesignTests.test_family_label_unrelated_to_metadata_and_category_swap_are_rejected) ... ERROR
test_family_split_is_deterministic_and_keeps_exposure_out_of_confirmation (test_g01_design.G01DesignTests.test_family_split_is_deterministic_and_keeps_exposure_out_of_confirmation) ... ERROR
test_local_acceptance_job_is_cpu_only_single_attempt_and_fail_closed (test_g01_design.G01DesignTests.test_local_acceptance_job_is_cpu_only_single_attempt_and_fail_closed) ... ok
test_null_or_missing_numeric_criterion_is_rejected (test_g01_design.G01DesignTests.test_null_or_missing_numeric_criterion_is_rejected) ... ok
test_real_stage_design_binds_all_selected_specs_and_native_population (test_g01_design.G01DesignTests.test_real_stage_design_binds_all_selected_specs_and_native_population) ... ERROR
test_removed_or_substituted_transitive_implementation_is_rejected (test_g01_design.G01DesignTests.test_removed_or_substituted_transitive_implementation_is_rejected) ... FAIL
test_required_contrasts_cover_every_declared_non_treatment_arm (test_g01_design.G01DesignTests.test_required_contrasts_cover_every_declared_non_treatment_arm) ... ok
test_shared_b0_profiles_pin_the_actual_context_producer (test_g01_design.G01DesignTests.test_shared_b0_profiles_pin_the_actual_context_producer) ... ERROR
test_too_few_confirmation_clusters_are_rejected (test_g01_design.G01DesignTests.test_too_few_confirmation_clusters_are_rejected) ... ERROR
test_uid_derived_family_labels_are_rejected (test_g01_design.G01DesignTests.test_uid_derived_family_labels_are_rejected) ... ERROR
test_unreviewed_or_incomplete_family_evidence_is_rejected (test_g01_design.G01DesignTests.test_unreviewed_or_incomplete_family_evidence_is_rejected) ... ERROR
test_unreviewed_semantic_rewrite_is_rejected_by_frozen_digest (test_g01_design.G01DesignTests.test_unreviewed_semantic_rewrite_is_rejected_by_frozen_digest) ... FAIL
test_affine_motion_is_fixed_point_with_exact_anchor_and_certificate (test_group_acceleration_candidate.GroupAccelerationCandidateTests.test_affine_motion_is_fixed_point_with_exact_anchor_and_certificate) ... ERROR
test_bad_metric_parameters_and_inputs_fail_closed (test_group_acceleration_candidate.GroupAccelerationCandidateTests.test_bad_metric_parameters_and_inputs_fail_closed) ... ok
test_explicit_anchor_value_enters_free_linear_term (test_group_acceleration_candidate.GroupAccelerationCandidateTests.test_explicit_anchor_value_enters_free_linear_term) ... ok
test_explicit_metric_is_hash_bound_and_stale_inputs_are_rejected (test_group_acceleration_candidate.GroupAccelerationCandidateTests.test_explicit_metric_is_hash_bound_and_stale_inputs_are_rejected) ... ok
test_export_is_complete_identity_preserving_candidate_arm (test_group_acceleration_candidate.GroupAccelerationCandidateTests.test_export_is_complete_identity_preserving_candidate_arm) ... FAIL
test_nonconvergence_retains_error_report_without_fake_sequence (test_group_acceleration_candidate.GroupAccelerationCandidateTests.test_nonconvergence_retains_error_report_without_fake_sequence) ... ok
test_nonuniform_timestamp_operator_annihilates_affine_motion (test_group_acceleration_candidate.GroupAccelerationCandidateTests.test_nonuniform_timestamp_operator_annihilates_affine_motion) ... ok
test_off_diagonal_metric_keeps_anchor_cross_term (test_group_acceleration_candidate.GroupAccelerationCandidateTests.test_off_diagonal_metric_keeps_anchor_cross_term) ... ERROR
test_three_dimensional_group_prior_is_rotation_equivariant (test_group_acceleration_candidate.GroupAccelerationCandidateTests.test_three_dimensional_group_prior_is_rotation_equivariant) ... ERROR
test_failed_bounds_roles_remain_terminal_without_scoreable_arrays (test_integrable_gradient_candidate.IntegrableGradientCandidateTests.test_failed_bounds_roles_remain_terminal_without_scoreable_arrays) ... ok
test_full_export_preserves_16_frames_topology_ids_and_recomputes (test_integrable_gradient_candidate.IntegrableGradientCandidateTests.test_full_export_preserves_16_frames_topology_ids_and_recomputes) ... ERROR
test_geometry_only_target_is_deterministic_and_component_pinned (test_integrable_gradient_candidate.IntegrableGradientCandidateTests.test_geometry_only_target_is_deterministic_and_component_pinned) ... ok
test_integrable_input_is_recovered_up_to_numerical_tolerance (test_integrable_gradient_candidate.IntegrableGradientCandidateTests.test_integrable_input_is_recovered_up_to_numerical_tolerance) ... ok
test_tampered_target_and_source_contract_fail_closed (test_integrable_gradient_candidate.IntegrableGradientCandidateTests.test_tampered_target_and_source_contract_fail_closed) ... ok
test_three_arms_share_target_but_have_distinct_constructions (test_integrable_gradient_candidate.IntegrableGradientCandidateTests.test_three_arms_share_target_but_have_distinct_constructions) ... ok
test_changed_receipt_invalid_parameters_and_outside_root_fail_before_plan (test_integrable_gradient_plan.IntegrableGradientPlanTests.test_changed_receipt_invalid_parameters_and_outside_root_fail_before_plan) ... ok
test_plan_declares_fixed_terminal_archive_contract (test_integrable_gradient_plan.IntegrableGradientPlanTests.test_plan_declares_fixed_terminal_archive_contract) ... ok
test_plan_directory_is_single_use (test_integrable_gradient_plan.IntegrableGradientPlanTests.test_plan_directory_is_single_use) ... ok
test_plan_pins_receipt_and_is_single_attempt_cpu_only (test_integrable_gradient_plan.IntegrableGradientPlanTests.test_plan_pins_receipt_and_is_single_attempt_cpu_only) ... ok
test_each_real_profile_accepts_native_report_without_candidate_hash (test_native_b0_contract.NativeB0ContractTests.test_each_real_profile_accepts_native_report_without_candidate_hash) ... ok
test_non_b0_report_stays_strict (test_native_b0_contract.NativeB0ContractTests.test_non_b0_report_stays_strict) ... ok
test_present_mismatch_and_changed_bytes_are_rejected (test_native_b0_contract.NativeB0ContractTests.test_present_mismatch_and_changed_bytes_are_rejected) ... ok
test_wrong_native_producer_or_command_is_rejected (test_native_b0_contract.NativeB0ContractTests.test_wrong_native_producer_or_command_is_rejected) ... ok
test_plan_pins_three_bundle_files_and_declares_every_extracted_member (test_native_context_consumption_plan.NativeContextConsumptionPlanTests.test_plan_pins_three_bundle_files_and_declares_every_extracted_member) ... ok
test_stale_pin_or_existing_plan_directory_fails_closed (test_native_context_consumption_plan.NativeContextConsumptionPlanTests.test_stale_pin_or_existing_plan_directory_fails_closed) ... ok
test_archive_binds_every_raw_byte_including_optional_diagnostics (test_native_context_delivery.NativeContextDeliveryTests.test_archive_binds_every_raw_byte_including_optional_diagnostics) ... ok
test_collection_boundary_counts_archive_disk_footprint (test_native_context_delivery.NativeContextDeliveryTests.test_collection_boundary_counts_archive_disk_footprint) ... ok
test_consumer_applies_preflight_file_and_byte_limits (test_native_context_delivery.NativeContextDeliveryTests.test_consumer_applies_preflight_file_and_byte_limits) ... ok
test_consumer_bounds_metadata_and_preflights_real_free_space (test_native_context_delivery.NativeContextDeliveryTests.test_consumer_bounds_metadata_and_preflights_real_free_space) ... ok
test_consumer_rehashes_and_extracts_every_member_without_claiming_qualification (test_native_context_delivery.NativeContextDeliveryTests.test_consumer_rehashes_and_extracts_every_member_without_claiming_qualification) ... ok
test_consumer_rejects_missing_required_false_and_positive_manifest_scope (test_native_context_delivery.NativeContextDeliveryTests.test_consumer_rejects_missing_required_false_and_positive_manifest_scope) ... ok
test_consumer_rejects_symlinked_output_parent_before_writing (test_native_context_delivery.NativeContextDeliveryTests.test_consumer_rejects_symlinked_output_parent_before_writing) ... ok
test_consumer_rejects_tampered_input_before_output_creation (test_native_context_delivery.NativeContextDeliveryTests.test_consumer_rejects_tampered_input_before_output_creation) ... ok
test_consumer_rejects_unsafe_manifest_member_even_when_new_hashes_are_pinned (test_native_context_delivery.NativeContextDeliveryTests.test_consumer_rejects_unsafe_manifest_member_even_when_new_hashes_are_pinned) ... ok
test_consumer_rejects_wrong_producer_identity_and_scope_overclaim (test_native_context_delivery.NativeContextDeliveryTests.test_consumer_rejects_wrong_producer_identity_and_scope_overclaim) ... ok
test_linked_or_unexpected_special_file_is_rejected (test_native_context_delivery.NativeContextDeliveryTests.test_linked_or_unexpected_special_file_is_rejected) ... ok
test_missing_decoder_payload_rejects_before_archive_publication (test_native_context_delivery.NativeContextDeliveryTests.test_missing_decoder_payload_rejects_before_archive_publication) ... ok
test_requested_source_time_output_is_mandatory (test_native_context_delivery.NativeContextDeliveryTests.test_requested_source_time_output_is_mandatory) ... ok
test_bad_budget_or_tolerance_writes_no_plan (test_native_context_plan.NativeContextPlanTests.test_bad_budget_or_tolerance_writes_no_plan) ... ok
test_changed_dependency_lock_is_rejected_before_plan_creation (test_native_context_plan.NativeContextPlanTests.test_changed_dependency_lock_is_rejected_before_plan_creation) ... ok
test_full128_manifest_cannot_enter_calibration_instrument (test_native_context_plan.NativeContextPlanTests.test_full128_manifest_cannot_enter_calibration_instrument) ... ok
test_real_plans_and_staging_preserve_identity_paths_budget_and_outputs (test_native_context_plan.NativeContextPlanTests.test_real_plans_and_staging_preserve_identity_paths_budget_and_outputs) ... ok
test_capture_index_is_relocatable_but_rejects_escaping_or_changed_reference (test_native_context_runner.NativeContextRunnerTests.test_capture_index_is_relocatable_but_rejects_escaping_or_changed_reference) ... ok
test_cli_keeps_pricing_budget_distinct_from_paired_instrument_budget (test_native_context_runner.NativeContextRunnerTests.test_cli_keeps_pricing_budget_distinct_from_paired_instrument_budget) ... ok
test_comparison_honors_explicit_tolerance_without_hiding_topology (test_native_context_runner.NativeContextRunnerTests.test_comparison_honors_explicit_tolerance_without_hiding_topology) ... ok
test_full_sequence_comparison_retains_coordinate_and_topology_mismatch (test_native_context_runner.NativeContextRunnerTests.test_full_sequence_comparison_retains_coordinate_and_topology_mismatch) ... ok
test_matching_comparison_is_still_unqualified (test_native_context_runner.NativeContextRunnerTests.test_matching_comparison_is_still_unqualified) ... ok
test_missing_or_failed_replay_never_disappears_from_aggregate (test_native_context_runner.NativeContextRunnerTests.test_missing_or_failed_replay_never_disappears_from_aggregate) ... ok
test_official_profile_mapping_has_no_silent_parameter_change (test_native_context_runner.NativeContextRunnerTests.test_official_profile_mapping_has_no_silent_parameter_change) ... ok
test_profile_or_effective_parameter_drift_is_rejected (test_native_context_runner.NativeContextRunnerTests.test_profile_or_effective_parameter_drift_is_rejected) ... ok
test_replay_stage_status_retains_comparison_mismatch (test_native_context_runner.NativeContextRunnerTests.test_replay_stage_status_retains_comparison_mismatch) ... ok
test_source_identity_failure_retains_stage_report_before_model_loading (test_native_context_runner.NativeContextRunnerTests.test_source_identity_failure_retains_stage_report_before_model_loading) ... ok
test_contract_preserves_middle_frame_and_edit_targets_late_frame (test_native_probe.NativeProbeTests.test_contract_preserves_middle_frame_and_edit_targets_late_frame) ... ok
test_native_source_hash_mismatch_rejected (test_native_probe.NativeProbeTests.test_native_source_hash_mismatch_rejected) ... ok
test_nonfinite_or_degenerate_controls_rejected (test_native_probe.NativeProbeTests.test_nonfinite_or_degenerate_controls_rejected) ... ok
test_query_controls_keep_normals_unchanged (test_native_probe.NativeProbeTests.test_query_controls_keep_normals_unchanged) ... ok
test_capture_binds_lock_bytes_at_the_final_project_relative_path (test_native_runtime.RuntimeTests.test_capture_binds_lock_bytes_at_the_final_project_relative_path) ... ok
test_capture_records_venv_and_base_conda_prefixes (test_native_runtime.RuntimeTests.test_capture_records_venv_and_base_conda_prefixes) ... ok
test_conda_capture_excludes_urls_channels_and_credentials (test_native_runtime.RuntimeTests.test_conda_capture_excludes_urls_channels_and_credentials) ... ok
test_conflicting_distribution_versions_are_rejected (test_native_runtime.RuntimeTests.test_conflicting_distribution_versions_are_rejected) ... ok
test_escaping_output_directory_is_rejected_before_write (test_native_runtime.RuntimeTests.test_escaping_output_directory_is_rejected_before_write) ... ok
test_existing_capture_is_preserved (test_native_runtime.RuntimeTests.test_existing_capture_is_preserved) ... ok
test_missing_required_package_cannot_emit_ready_runtime (test_native_runtime.RuntimeTests.test_missing_required_package_cannot_emit_ready_runtime) ... ok
test_multiple_or_missing_gpu_identity_is_rejected_before_write (test_native_runtime.RuntimeTests.test_multiple_or_missing_gpu_identity_is_rejected_before_write) ... ok
test_nonconda_interpreter_is_rejected (test_native_runtime.RuntimeTests.test_nonconda_interpreter_is_rejected) ... ok
test_system_site_overlay_uses_active_venv_package_and_base_conda_records (test_native_runtime.RuntimeTests.test_system_site_overlay_uses_active_venv_package_and_base_conda_records) ... ok
test_receipt_bound_native_artifact_reconstruction (test_partial_transport_candidate.C07RetainedNativeAcceptance.test_receipt_bound_native_artifact_reconstruction) ... skipped 'Real C07 native artifact required; fixtures cannot supply native acceptance'
test_export_and_replay_bind_real_source_pair (test_partial_transport_candidate.PartialTransportArtifactTests.test_export_and_replay_bind_real_source_pair) ... FAIL
test_producer_closure_rejects_code_environment_and_source_tamper (test_partial_transport_candidate.PartialTransportArtifactTests.test_producer_closure_rejects_code_environment_and_source_tamper) ... ok
test_real_artifact_freezes_five_role_native_request (test_partial_transport_candidate.PartialTransportArtifactTests.test_real_artifact_freezes_five_role_native_request) ... ERROR
test_degenerate_face_is_removed_but_native_identity_is_retained (test_partial_transport_candidate.PartialTransportKernelTests.test_degenerate_face_is_removed_but_native_identity_is_retained) ... ok
test_partial_lift_blends_unmatched_mass_with_native_prediction (test_partial_transport_candidate.PartialTransportKernelTests.test_partial_lift_blends_unmatched_mass_with_native_prediction) ... ok
test_partial_solver_obeys_capacity_and_rejects_cost_above_two_gamma (test_partial_transport_candidate.PartialTransportKernelTests.test_partial_solver_obeys_capacity_and_rejects_cost_above_two_gamma) ... ok
test_rectangular_active_sets_preserve_full_native_vertex_ids (test_partial_transport_candidate.PartialTransportKernelTests.test_rectangular_active_sets_preserve_full_native_vertex_ids) ... ERROR
test_three_roles_share_geometry_and_keep_exact_anchor (test_partial_transport_candidate.PartialTransportKernelTests.test_three_roles_share_geometry_and_keep_exact_anchor) ... ERROR
test_two_gamma_boundary_controls_matching (test_partial_transport_candidate.PartialTransportKernelTests.test_two_gamma_boundary_controls_matching) ... ok
test_active_monotonicity_constraint_uses_full_block_solution (test_phase_amplitude_candidate.PhaseAmplitudeCandidateTest.test_active_monotonicity_constraint_uses_full_block_solution) ... ok
test_ill_scaled_amplitude_basis_is_rejected_by_noise_bound (test_phase_amplitude_candidate.PhaseAmplitudeCandidateTest.test_ill_scaled_amplitude_basis_is_rejected_by_noise_bound) ... ok
test_inactive_problem_recovers_separated_phase_and_amplitude (test_phase_amplitude_candidate.PhaseAmplitudeCandidateTest.test_inactive_problem_recovers_separated_phase_and_amplitude) ... ok
test_nonlinear_renderer_uses_the_same_knot_derivative_and_remainder_gate (test_phase_amplitude_candidate.PhaseAmplitudeCandidateTest.test_nonlinear_renderer_uses_the_same_knot_derivative_and_remainder_gate) ... ok
test_nonuniform_times_and_weights_keep_the_same_weighted_solution (test_phase_amplitude_candidate.PhaseAmplitudeCandidateTest.test_nonuniform_times_and_weights_keep_the_same_weighted_solution) ... ok
test_overlapping_phase_and_amplitude_directions_fail_closed (test_phase_amplitude_candidate.PhaseAmplitudeCandidateTest.test_overlapping_phase_and_amplitude_directions_fail_closed) ... ok
test_reduced_phase_only_and_amplitude_only_blocks_are_supported (test_phase_amplitude_candidate.PhaseAmplitudeCandidateTest.test_reduced_phase_only_and_amplitude_only_blocks_are_supported) ... ok
test_target_and_bases_must_match_original_identity (test_phase_amplitude_candidate.PhaseAmplitudeCandidateTest.test_target_and_bases_must_match_original_identity) ... ok
test_active_pipeline_observer_is_rejected_without_side_effects (test_pipeline_decoder_capture.PipelineDecoderCaptureTests.test_active_pipeline_observer_is_rejected_without_side_effects) ... ok
test_caught_window_failure_cannot_become_success (test_pipeline_decoder_capture.PipelineDecoderCaptureTests.test_caught_window_failure_cannot_become_success) ... ok
test_changed_topology_is_not_admitted_as_native_context (test_pipeline_decoder_capture.PipelineDecoderCaptureTests.test_changed_topology_is_not_admitted_as_native_context) ... ok
test_existing_capture_and_nested_attachment_are_rejected (test_pipeline_decoder_capture.PipelineDecoderCaptureTests.test_existing_capture_and_nested_attachment_are_rejected) ... ok
test_lazy_decoder_full_inputs_and_geometry_preserve_output_identity (test_pipeline_decoder_capture.PipelineDecoderCaptureTests.test_lazy_decoder_full_inputs_and_geometry_preserve_output_identity) ... ok
test_no_decode_cannot_mint_complete_capture (test_pipeline_decoder_capture.PipelineDecoderCaptureTests.test_no_decode_cannot_mint_complete_capture) ... ok
test_observer_cannot_consume_existing_full128_pricing (test_pipeline_decoder_capture.PipelineDecoderCaptureTests.test_observer_cannot_consume_existing_full128_pricing) ... ok
test_observer_command_preserves_frozen_generation_argv (test_pipeline_decoder_capture.PipelineDecoderCaptureTests.test_observer_command_preserves_frozen_generation_argv) ... ok
test_observer_receipt_adds_archive_without_changing_existing_inventory (test_pipeline_decoder_capture.PipelineDecoderCaptureTests.test_observer_receipt_adds_archive_without_changing_existing_inventory) ... ok
test_original_failure_is_retained_and_hooks_and_method_removed (test_pipeline_decoder_capture.PipelineDecoderCaptureTests.test_original_failure_is_retained_and_hooks_and_method_removed) ... ok
test_torch_module_pipeline_keeps_positional_arguments_and_15_native_targets (test_pipeline_decoder_capture.PipelineDecoderCaptureTests.test_torch_module_pipeline_keeps_positional_arguments_and_15_native_targets) ... ok
test_window_limit_preserves_first_capture_and_restores_prior_override (test_pipeline_decoder_capture.PipelineDecoderCaptureTests.test_window_limit_preserves_first_capture_and_restores_prior_override) ... ok
test_capture_preserves_call_objects_output_identity_and_rng (test_pipeline_decoder_observer.PipelineDecoderObserverTests.test_capture_preserves_call_objects_output_identity_and_rng) ... ok
test_failed_native_forward_retains_inputs_and_restores_method (test_pipeline_decoder_observer.PipelineDecoderObserverTests.test_failed_native_forward_retains_inputs_and_restores_method) ... ok
test_invalid_storage_limit_never_replaces_native_method (test_pipeline_decoder_observer.PipelineDecoderObserverTests.test_invalid_storage_limit_never_replaces_native_method) ... ok
test_invalid_time_mapping_is_rejected_before_native_call (test_pipeline_decoder_observer.PipelineDecoderObserverTests.test_invalid_time_mapping_is_rejected_before_native_call) ... ok
test_lazy_loaded_decoder_is_resolved_at_decode_time (test_pipeline_decoder_observer.PipelineDecoderObserverTests.test_lazy_loaded_decoder_is_resolved_at_decode_time) ... ok
test_legacy_capture_marker_rejects_attachment_without_side_effects (test_pipeline_decoder_observer.PipelineDecoderObserverTests.test_legacy_capture_marker_rejects_attachment_without_side_effects) ... ok
test_mesh_and_decoder_byte_tampering_are_rejected (test_pipeline_decoder_observer.PipelineDecoderObserverTests.test_mesh_and_decoder_byte_tampering_are_rejected) ... ok
test_one_byte_short_rejects_before_persisting_raw_or_mesh_output (test_pipeline_decoder_observer.PipelineDecoderObserverTests.test_one_byte_short_rejects_before_persisting_raw_or_mesh_output) ... ok
test_original_instance_override_is_restored_exactly (test_pipeline_decoder_observer.PipelineDecoderObserverTests.test_original_instance_override_is_restored_exactly) ... ok
test_persisted_tensor_payload_accepts_exact_bound (test_pipeline_decoder_observer.PipelineDecoderObserverTests.test_persisted_tensor_payload_accepts_exact_bound) ... ok
test_raw_values_outside_bounds_replay_as_clamped_float64_meshes (test_pipeline_decoder_observer.PipelineDecoderObserverTests.test_raw_values_outside_bounds_replay_as_clamped_float64_meshes) ... ok
test_replay_and_source_query_preserve_complete_context (test_pipeline_decoder_observer.PipelineDecoderObserverTests.test_replay_and_source_query_preserve_complete_context) ... ok
test_replay_disagreement_is_retained_and_prevents_source_query (test_pipeline_decoder_observer.PipelineDecoderObserverTests.test_replay_disagreement_is_retained_and_prevents_source_query) ... ok
test_replay_preserves_recorded_modes_and_restores_outer_state (test_pipeline_decoder_observer.PipelineDecoderObserverTests.test_replay_preserves_recorded_modes_and_restores_outer_state) ... ok
test_replay_refuses_captured_callback_semantics (test_pipeline_decoder_observer.PipelineDecoderObserverTests.test_replay_refuses_captured_callback_semantics) ... ok
test_replay_rejects_identity_mismatch_before_forward (test_pipeline_decoder_observer.PipelineDecoderObserverTests.test_replay_rejects_identity_mismatch_before_forward) ... ok
test_replay_rejects_training_or_residual_mode (test_pipeline_decoder_observer.PipelineDecoderObserverTests.test_replay_rejects_training_or_residual_mode) ... ok
test_replay_requires_explicit_finite_nonnegative_float_tolerances (test_pipeline_decoder_observer.PipelineDecoderObserverTests.test_replay_requires_explicit_finite_nonnegative_float_tolerances) ... ok
test_two_windows_have_separate_complete_records (test_pipeline_decoder_observer.PipelineDecoderObserverTests.test_two_windows_have_separate_complete_records) ... ok
test_window_limit_rejects_before_additional_native_call (test_pipeline_decoder_observer.PipelineDecoderObserverTests.test_window_limit_rejects_before_additional_native_call) ... ok
test_contiguous_window_and_last_partial_window (test_population_window.PopulationWindowTests.test_contiguous_window_and_last_partial_window) ... ok
test_rejects_overbudget_and_invalid_windows (test_population_window.PopulationWindowTests.test_rejects_overbudget_and_invalid_windows) ... ok
test_native_identity_rejects_wrong_frame_or_vertex_mapping (test_protected_geometry_candidate.ProtectedGeometryCandidateTests.test_native_identity_rejects_wrong_frame_or_vertex_mapping) ... ok
test_patch_builder_rejects_missing_component_seed_and_bad_area (test_protected_geometry_candidate.ProtectedGeometryCandidateTests.test_patch_builder_rejects_missing_component_seed_and_bad_area) ... ok
test_patch_velocity_projection_and_strength_match_certificate (test_protected_geometry_candidate.ProtectedGeometryCandidateTests.test_patch_velocity_projection_and_strength_match_certificate) ... ok
test_projection_is_rotation_equivariant_and_trivial_step_is_stable (test_protected_geometry_candidate.ProtectedGeometryCandidateTests.test_projection_is_rotation_equivariant_and_trivial_step_is_stable) ... ok
test_analytic_basis_is_exactly_anchored_and_nontrivial (test_protected_lowrank_candidate.ProtectedLowrankCandidateTest.test_analytic_basis_is_exactly_anchored_and_nontrivial) ... ok
test_candidate_and_anchor_only_controls_share_exact_anchor (test_protected_lowrank_candidate.ProtectedLowrankCandidateTest.test_candidate_and_anchor_only_controls_share_exact_anchor) ... ok
test_export_preserves_native_identity_and_validates_terminal_archive (test_protected_lowrank_candidate.ProtectedLowrankCandidateTest.test_export_preserves_native_identity_and_validates_terminal_archive) ... ok
test_fabricated_terminal_error_is_not_denominator_valid (test_protected_lowrank_candidate.ProtectedLowrankCandidateTest.test_fabricated_terminal_error_is_not_denominator_valid) ... ok
test_one_arm_failure_is_retained_without_erasing_independent_control (test_protected_lowrank_candidate.ProtectedLowrankCandidateTest.test_one_arm_failure_is_retained_without_erasing_independent_control) ... ok
test_rank_control_matches_frozen_candidate_export_rank (test_protected_lowrank_candidate.ProtectedLowrankCandidateTest.test_rank_control_matches_frozen_candidate_export_rank) ... ok
test_stale_basis_source_ref_is_rejected (test_protected_lowrank_candidate.ProtectedLowrankCandidateTest.test_stale_basis_source_ref_is_rejected) ... ok
test_plan_is_single_attempt_cpu_only_and_all_policies_are_explicit (test_protected_lowrank_plan.ProtectedLowrankPlanSourceTest.test_plan_is_single_attempt_cpu_only_and_all_policies_are_explicit) ... ok
test_real_stage_freezes_sequence_basis_evidence_and_nested_source_ref (test_protected_lowrank_plan.ProtectedLowrankPlanSourceTest.test_real_stage_freezes_sequence_basis_evidence_and_nested_source_ref) ... ok
test_coupled_metric_pins_and_action_constraint_share_full_objective (test_protected_projection.ProtectedProjectionTests.test_coupled_metric_pins_and_action_constraint_share_full_objective) ... ok
test_coupled_metric_pins_minimize_full_distance (test_protected_projection.ProtectedProjectionTests.test_coupled_metric_pins_minimize_full_distance) ... ok
test_pinned_coordinates_are_zero_and_never_reintroduced (test_protected_projection.ProtectedProjectionTests.test_pinned_coordinates_are_zero_and_never_reintroduced) ... ok
test_redundant_constraints_use_a_stable_pseudoinverse (test_protected_projection.ProtectedProjectionTests.test_redundant_constraints_use_a_stable_pseudoinverse) ... ok
test_removes_the_component_seen_by_an_action_constraint (test_protected_projection.ProtectedProjectionTests.test_removes_the_component_seen_by_an_action_constraint) ... ok
test_weighted_projection_satisfies_constraint_and_minimizes_change (test_protected_projection.ProtectedProjectionTests.test_weighted_projection_satisfies_constraint_and_minimizes_change) ... ok
test_affine_trajectory_is_fixed_point_and_anchor_is_exact (test_quadratic_acceleration_control.QuadraticAccelerationControlTests.test_affine_trajectory_is_fixed_point_and_anchor_is_exact) ... ok
test_export_is_one_real_full_sequence_arm_with_no_candidate_claim (test_quadratic_acceleration_control.QuadraticAccelerationControlTests.test_export_is_one_real_full_sequence_arm_with_no_candidate_claim) ... ok
test_ill_conditioned_weight_is_rejected_with_observed_diagnostics (test_quadratic_acceleration_control.QuadraticAccelerationControlTests.test_ill_conditioned_weight_is_rejected_with_observed_diagnostics) ... ok
test_invalid_parameters_are_rejected (test_quadratic_acceleration_control.QuadraticAccelerationControlTests.test_invalid_parameters_are_rejected) ... ok
test_isolated_spike_is_reduced_with_lower_timestamp_acceleration (test_quadratic_acceleration_control.QuadraticAccelerationControlTests.test_isolated_spike_is_reduced_with_lower_timestamp_acceleration) ... ok
test_non_float32_sequence_is_rejected_for_official_adapter_compatibility (test_quadratic_acceleration_control.QuadraticAccelerationControlTests.test_non_float32_sequence_is_rejected_for_official_adapter_compatibility) ... ok
test_stale_hash_and_existing_output_fail_closed (test_quadratic_acceleration_control.QuadraticAccelerationControlTests.test_stale_hash_and_existing_output_fail_closed) ... ok
test_timestamp_second_difference_annihilates_affine_motion (test_quadratic_acceleration_control.QuadraticAccelerationControlTests.test_timestamp_second_difference_annihilates_affine_motion) ... ok
test_admission_cannot_authorize_gpu_or_retry_same_scientific_attempt (test_research_repair_bridge.ResearchRepairBridgeTests.test_admission_cannot_authorize_gpu_or_retry_same_scientific_attempt) ... ok
test_admission_must_bind_repairable_failed_supervisor_observation (test_research_repair_bridge.ResearchRepairBridgeTests.test_admission_must_bind_repairable_failed_supervisor_observation) ... ok
test_builder_pins_every_existing_input_and_emits_inspectable_request (test_research_repair_bridge.ResearchRepairBridgeTests.test_builder_pins_every_existing_input_and_emits_inspectable_request) ... ok
test_builder_validation_failure_leaves_no_request (test_research_repair_bridge.ResearchRepairBridgeTests.test_builder_validation_failure_leaves_no_request) ... ok
test_campaign_budget_is_reserved_once_and_cannot_be_reset_by_project_id (test_research_repair_bridge.ResearchRepairBridgeTests.test_campaign_budget_is_reserved_once_and_cannot_be_reset_by_project_id) ... ok
test_completed_output_does_not_break_exact_request_reconciliation (test_research_repair_bridge.ResearchRepairBridgeTests.test_completed_output_does_not_break_exact_request_reconciliation) ... ok
test_execute_enqueues_then_runs_one_existing_runtime_worker (test_research_repair_bridge.ResearchRepairBridgeTests.test_execute_enqueues_then_runs_one_existing_runtime_worker) ... ok
test_execute_requires_exact_digest_before_runtime_or_state_write (test_research_repair_bridge.ResearchRepairBridgeTests.test_execute_requires_exact_digest_before_runtime_or_state_write) ... ok
test_failed_receipt_must_bind_selected_campaign_plan_digest (test_research_repair_bridge.ResearchRepairBridgeTests.test_failed_receipt_must_bind_selected_campaign_plan_digest) ... ok
test_first_execute_rejects_preexisting_output_without_retained_task (test_research_repair_bridge.ResearchRepairBridgeTests.test_first_execute_rejects_preexisting_output_without_retained_task) ... ok
test_inspection_builds_candidate_code_task_without_writing_or_spawning (test_research_repair_bridge.ResearchRepairBridgeTests.test_inspection_builds_candidate_code_task_without_writing_or_spawning) ... ok
test_lost_ack_after_durable_worker_intent_never_dispatches_worker (test_research_repair_bridge.ResearchRepairBridgeTests.test_lost_ack_after_durable_worker_intent_never_dispatches_worker) ... ok
test_mutated_retained_stage_intent_is_rejected (test_research_repair_bridge.ResearchRepairBridgeTests.test_mutated_retained_stage_intent_is_rejected) ... ok
test_native_adapter_is_rejected (test_research_repair_bridge.ResearchRepairBridgeTests.test_native_adapter_is_rejected) ... ok
test_negative_retained_budget_reservation_cannot_offset_new_work (test_research_repair_bridge.ResearchRepairBridgeTests.test_negative_retained_budget_reservation_cannot_offset_new_work) ... ok
test_output_must_be_new_and_cannot_overlap_retained_runs (test_research_repair_bridge.ResearchRepairBridgeTests.test_output_must_be_new_and_cannot_overlap_retained_runs) ... ok
test_repeated_execute_reconciles_status_without_second_worker (test_research_repair_bridge.ResearchRepairBridgeTests.test_repeated_execute_reconciles_status_without_second_worker) ... ok
test_retained_stage_intent_forbids_automatic_stage_replay (test_research_repair_bridge.ResearchRepairBridgeTests.test_retained_stage_intent_forbids_automatic_stage_replay) ... ok
test_retained_task_symlink_is_rejected (test_research_repair_bridge.ResearchRepairBridgeTests.test_retained_task_symlink_is_rejected) ... ok
test_runtime_and_adapter_registry_bytes_are_pinned (test_research_repair_bridge.ResearchRepairBridgeTests.test_runtime_and_adapter_registry_bytes_are_pinned) ... ok
test_task_without_worker_intent_does_not_adopt_preexisting_output (test_research_repair_bridge.ResearchRepairBridgeTests.test_task_without_worker_intent_does_not_adopt_preexisting_output) ... ok
test_two_distinct_projects_share_one_campaign_budget (test_research_repair_bridge.ResearchRepairBridgeTests.test_two_distinct_projects_share_one_campaign_budget) ... ok
test_worker_requires_request_scoped_dedicated_project (test_research_repair_bridge.ResearchRepairBridgeTests.test_worker_requires_request_scoped_dedicated_project) ... ok
test_worker_timeout_is_immutable_unknown_and_never_redispatched (test_research_repair_bridge.ResearchRepairBridgeTests.test_worker_timeout_is_immutable_unknown_and_never_redispatched) ... ok
test_bridge_invalid_live_controller_identity_is_rejected (test_research_supervisor.ResearchSupervisorTests.test_bridge_invalid_live_controller_identity_is_rejected) ... ok
test_canonical_preload_is_recompiled_from_verified_source_bytes (test_research_supervisor.ResearchSupervisorTests.test_canonical_preload_is_recompiled_from_verified_source_bytes) ... ok
test_changed_arriving_input_is_rejected_without_launch (test_research_supervisor.ResearchSupervisorTests.test_changed_arriving_input_is_rejected_without_launch) ... ok
test_changed_plan_bytes_fail_before_launch (test_research_supervisor.ResearchSupervisorTests.test_changed_plan_bytes_fail_before_launch) ... ok
test_complete_worker_receipt_requires_all_intents (test_research_supervisor.ResearchSupervisorTests.test_complete_worker_receipt_requires_all_intents) ... ok
test_completed_campaign_remains_completed_after_original_deadline (test_research_supervisor.ResearchSupervisorTests.test_completed_campaign_remains_completed_after_original_deadline) ... ok
test_completed_campaign_resume_preserves_receipt_and_deadline (test_research_supervisor.ResearchSupervisorTests.test_completed_campaign_resume_preserves_receipt_and_deadline) ... ok
test_default_inspection_never_creates_runtime_state (test_research_supervisor.ResearchSupervisorTests.test_default_inspection_never_creates_runtime_state) ... ok
test_dependency_cycle_is_rejected (test_research_supervisor.ResearchSupervisorTests.test_dependency_cycle_is_rejected) ... ok
test_duplicate_native_run_across_plans_is_rejected (test_research_supervisor.ResearchSupervisorTests.test_duplicate_native_run_across_plans_is_rejected) ... ok
test_duplicate_trial_identity_cannot_be_hidden_behind_new_native_run (test_research_supervisor.ResearchSupervisorTests.test_duplicate_trial_identity_cannot_be_hidden_behind_new_native_run) ... ok
test_each_stage_result_requires_its_exact_intent (test_research_supervisor.ResearchSupervisorTests.test_each_stage_result_requires_its_exact_intent) ... ok
test_elapsed_downtime_does_not_reset_deadline (test_research_supervisor.ResearchSupervisorTests.test_elapsed_downtime_does_not_reset_deadline) ... ok
test_exact_campaign_digest_is_required_before_any_launch (test_research_supervisor.ResearchSupervisorTests.test_exact_campaign_digest_is_required_before_any_launch) ... ok
test_exact_input_arrival_continues_without_new_manifest_or_budget (test_research_supervisor.ResearchSupervisorTests.test_exact_input_arrival_continues_without_new_manifest_or_budget) ... ok
test_exact_stage_failures_remain_failed (test_research_supervisor.ResearchSupervisorTests.test_exact_stage_failures_remain_failed) ... ok
test_existing_pool_driver_is_waited_out_then_next_plan_runs (test_research_supervisor.ResearchSupervisorTests.test_existing_pool_driver_is_waited_out_then_next_plan_runs) ... ok
test_extension_archives_exact_old_state_and_rejects_history_symlink (test_research_supervisor.ResearchSupervisorTests.test_extension_archives_exact_old_state_and_rejects_history_symlink) ... ok
test_extension_recovers_lost_ack_between_manifest_and_state_replace (test_research_supervisor.ResearchSupervisorTests.test_extension_recovers_lost_ack_between_manifest_and_state_replace) ... ok
test_extension_refuses_unsettled_or_active_campaign (test_research_supervisor.ResearchSupervisorTests.test_extension_refuses_unsettled_or_active_campaign) ... ok
test_extension_rejects_malformed_retained_state_before_history_mutation (test_research_supervisor.ResearchSupervisorTests.test_extension_rejects_malformed_retained_state_before_history_mutation) ... ok
test_extension_rejects_manifest_replacement_after_approval_snapshot (test_research_supervisor.ResearchSupervisorTests.test_extension_rejects_manifest_replacement_after_approval_snapshot) ... ok
test_extension_rejects_rewriting_a_retained_plan_or_budget (test_research_supervisor.ResearchSupervisorTests.test_extension_rejects_rewriting_a_retained_plan_or_budget) ... ok
test_extension_rejects_symlink_or_wrong_identity_heartbeat (test_research_supervisor.ResearchSupervisorTests.test_extension_rejects_symlink_or_wrong_identity_heartbeat) ... ok
test_extension_requires_both_exact_reviewed_digests (test_research_supervisor.ResearchSupervisorTests.test_extension_requires_both_exact_reviewed_digests) ... ok
test_failure_blocks_only_dependents_and_independent_plan_runs (test_research_supervisor.ResearchSupervisorTests.test_failure_blocks_only_dependents_and_independent_plan_runs) ... ok
test_final_readiness_loss_does_not_poison_dispatch_state (test_research_supervisor.ResearchSupervisorTests.test_final_readiness_loss_does_not_poison_dispatch_state) ... ok
test_forged_completed_state_without_receipt_is_unknown (test_research_supervisor.ResearchSupervisorTests.test_forged_completed_state_without_receipt_is_unknown) ... ok
test_future_local_resume_acknowledgment_uses_only_pinned_harness_argv (test_research_supervisor.ResearchSupervisorTests.test_future_local_resume_acknowledgment_uses_only_pinned_harness_argv) ... ok
test_gpu_stop_default_never_reaches_transport (test_research_supervisor.ResearchSupervisorTests.test_gpu_stop_default_never_reaches_transport) ... ok
test_hash_bound_wrong_reservation_identity_fails_closed (test_research_supervisor.ResearchSupervisorTests.test_hash_bound_wrong_reservation_identity_fails_closed) ... ok
test_hash_consistent_enqueue_argv_mutation_fails_closed (test_research_supervisor.ResearchSupervisorTests.test_hash_consistent_enqueue_argv_mutation_fails_closed) ... FAIL
test_hash_consistent_registration_argv_mutation_fails_closed (test_research_supervisor.ResearchSupervisorTests.test_hash_consistent_registration_argv_mutation_fails_closed) ... FAIL
test_hash_consistent_stage_result_missing_payload_fails_closed (test_research_supervisor.ResearchSupervisorTests.test_hash_consistent_stage_result_missing_payload_fails_closed) ... ok
test_hash_consistent_worker_argv_mutation_fails_closed (test_research_supervisor.ResearchSupervisorTests.test_hash_consistent_worker_argv_mutation_fails_closed) ... ok
test_killed_supervisor_reconciles_surviving_real_driver (test_research_supervisor.ResearchSupervisorTests.test_killed_supervisor_reconciles_surviving_real_driver) ... ok
test_live_stop_hands_off_then_resumes_same_worker_without_duplicate (test_research_supervisor.ResearchSupervisorTests.test_live_stop_hands_off_then_resumes_same_worker_without_duplicate) ... ok
test_lost_ack_after_real_completion_settles_without_duplicate (test_research_supervisor.ResearchSupervisorTests.test_lost_ack_after_real_completion_settles_without_duplicate) ... ok
test_malformed_repair_trigger_cannot_become_ordinary_work (test_research_supervisor.ResearchSupervisorTests.test_malformed_repair_trigger_cannot_become_ordinary_work) ... ok
test_missing_declared_input_isolates_only_dependent_plan (test_research_supervisor.ResearchSupervisorTests.test_missing_declared_input_isolates_only_dependent_plan) ... ok
test_missing_state_with_retained_native_identity_never_launches (test_research_supervisor.ResearchSupervisorTests.test_missing_state_with_retained_native_identity_never_launches) ... ok
test_multi_hop_extension_does_not_accept_a_nonpredecessor_as_idempotent (test_research_supervisor.ResearchSupervisorTests.test_multi_hop_extension_does_not_accept_a_nonpredecessor_as_idempotent) ... ok
test_mutated_stage_or_worker_intent_fails_closed (test_research_supervisor.ResearchSupervisorTests.test_mutated_stage_or_worker_intent_fails_closed) ... ok
test_newer_stop_during_resume_is_preserved (test_research_supervisor.ResearchSupervisorTests.test_newer_stop_during_resume_is_preserved) ... ok
test_original_deadline_applies_during_pool_wait (test_research_supervisor.ResearchSupervisorTests.test_original_deadline_applies_during_pool_wait) ... ok
test_parent_repair_receipt_survives_extension_and_lost_ack_readback (test_research_supervisor.ResearchSupervisorTests.test_parent_repair_receipt_survives_extension_and_lost_ack_readback) ... ok
test_pending_project_recovery_is_not_mutated_by_inspection (test_research_supervisor.ResearchSupervisorTests.test_pending_project_recovery_is_not_mutated_by_inspection) ... ok
test_plan_symlink_is_rejected (test_research_supervisor.ResearchSupervisorTests.test_plan_symlink_is_rejected) ... ok
test_preapproved_repair_runs_once_without_retrying_failed_identity (test_research_supervisor.ResearchSupervisorTests.test_preapproved_repair_runs_once_without_retrying_failed_identity) ... ok
test_recheck_leaving_insufficient_fresh_plan_time_prevents_dispatch (test_research_supervisor.ResearchSupervisorTests.test_recheck_leaving_insufficient_fresh_plan_time_prevents_dispatch) ... ok
test_recheck_reaching_collection_cutoff_prevents_dispatch (test_research_supervisor.ResearchSupervisorTests.test_recheck_reaching_collection_cutoff_prevents_dispatch) ... ok
test_repair_bridge_tamper_or_cross_campaign_receipt_fails_closed (test_research_supervisor.ResearchSupervisorTests.test_repair_bridge_tamper_or_cross_campaign_receipt_fails_closed) ... ok
test_repair_bridge_unknown_requires_reconciliation_and_survives_heartbeat (test_research_supervisor.ResearchSupervisorTests.test_repair_bridge_unknown_requires_reconciliation_and_survives_heartbeat) ... ok
test_repair_bridge_worker_receipt_is_observed_without_dispatch_or_patch_acceptance (test_research_supervisor.ResearchSupervisorTests.test_repair_bridge_worker_receipt_is_observed_without_dispatch_or_patch_acceptance) ... ok
test_repair_enqueue_returned_without_worker_is_not_reported_ready (test_research_supervisor.ResearchSupervisorTests.test_repair_enqueue_returned_without_worker_is_not_reported_ready) ... ok
test_repair_event_symlink_root_fails_closed (test_research_supervisor.ResearchSupervisorTests.test_repair_event_symlink_root_fails_closed) ... ok
test_repair_historical_event_or_journal_reorder_fails_closed (test_research_supervisor.ResearchSupervisorTests.test_repair_historical_event_or_journal_reorder_fails_closed) ... FAIL
test_repair_owner_lock_contention_defers_observation (test_research_supervisor.ResearchSupervisorTests.test_repair_owner_lock_contention_defers_observation) ... ok
test_repair_worker_intent_without_terminal_event_requires_reconciliation (test_research_supervisor.ResearchSupervisorTests.test_repair_worker_intent_without_terminal_event_requires_reconciliation) ... ok
test_resume_without_retained_state_cannot_start_fresh_budget (test_research_supervisor.ResearchSupervisorTests.test_resume_without_retained_state_cannot_start_fresh_budget) ... ok
test_reviewed_append_only_extension_preserves_budget_and_completed_history (test_research_supervisor.ResearchSupervisorTests.test_reviewed_append_only_extension_preserves_budget_and_completed_history) ... ok
test_stop_after_intent_before_spawn_keeps_resumable_zero_start (test_research_supervisor.ResearchSupervisorTests.test_stop_after_intent_before_spawn_keeps_resumable_zero_start) ... ok
test_stop_and_explicit_resume_keep_original_deadline (test_research_supervisor.ResearchSupervisorTests.test_stop_and_explicit_resume_keep_original_deadline) ... ok
test_stop_during_pool_wait_launches_nothing (test_research_supervisor.ResearchSupervisorTests.test_stop_during_pool_wait_launches_nothing) ... ok
test_stop_file_prevents_first_batch (test_research_supervisor.ResearchSupervisorTests.test_stop_file_prevents_first_batch) ... ok
test_tampered_completed_output_blocks_resume (test_research_supervisor.ResearchSupervisorTests.test_tampered_completed_output_blocks_resume) ... ok
test_two_real_batches_continue_with_receipt_bound_dependency (test_research_supervisor.ResearchSupervisorTests.test_two_real_batches_continue_with_receipt_bound_dependency) ... ok
test_unknown_launch_ack_cannot_relaunch_absent_batch (test_research_supervisor.ResearchSupervisorTests.test_unknown_launch_ack_cannot_relaunch_absent_batch) ... ok
test_unknown_manifest_permission_key_is_rejected (test_research_supervisor.ResearchSupervisorTests.test_unknown_manifest_permission_key_is_rejected) ... ok
test_unowned_preflight_output_is_never_reported_configured (test_research_supervisor.ResearchSupervisorTests.test_unowned_preflight_output_is_never_reported_configured) ... ok
test_receipt_bound_native_artifact_reconstruction (test_robust_motion_candidate.C04RetainedNativeAcceptance.test_receipt_bound_native_artifact_reconstruction) ... skipped 'Retained native acceptance requires C04_NATIVE_ROOT and C04_NATIVE_ARTIFACT; not covered by software fixtures'
test_actual_numerical_exhaustion_retains_robust_and_dependent_failures (test_robust_motion_candidate.RobustMotionFailureRetention.test_actual_numerical_exhaustion_retains_robust_and_dependent_failures) ... ok
test_anisotropic_support_and_shape_rejection (test_robust_motion_candidate.RobustMotionMathematics.test_anisotropic_support_and_shape_rejection) ... ok
test_backtrack_failure_retains_all_trials (test_robust_motion_candidate.RobustMotionMathematics.test_backtrack_failure_retains_all_trials) ... ok
test_deterministic_slab_analytic_and_zero_gradient_identity (test_robust_motion_candidate.RobustMotionMathematics.test_deterministic_slab_analytic_and_zero_gradient_identity) ... ok
test_exact_nonuniform_time_quadratic_remainder_and_hessian_bound (test_robust_motion_candidate.RobustMotionMathematics.test_exact_nonuniform_time_quadratic_remainder_and_hessian_bound) ... ok
test_isotropic_ball_has_analytic_projection_and_dual_certificate (test_robust_motion_candidate.RobustMotionMathematics.test_isotropic_ball_has_analytic_projection_and_dual_certificate) ... ok
test_comparison_and_scoring_preparation_all_refs_survive_real_cross_root_stage (test_robust_motion_plan.C04AcceptancePreparationPlanTests.test_comparison_and_scoring_preparation_all_refs_survive_real_cross_root_stage) ... ok
test_comparison_only_declares_one_output_and_partial_scoring_arguments_fail (test_robust_motion_plan.C04AcceptancePreparationPlanTests.test_comparison_only_declares_one_output_and_partial_scoring_arguments_fail) ... ok
test_changed_receipt_and_invalid_floor_fail_closed (test_robust_motion_plan.RobustMotionPlanTests.test_changed_receipt_and_invalid_floor_fail_closed) ... ok
test_real_stage_remaps_source_across_roots_and_pins_report (test_robust_motion_plan.RobustMotionPlanTests.test_real_stage_remaps_source_across_roots_and_pins_report) ... ok
test_single_attempt_cpu_and_transitive_closure (test_robust_motion_plan.RobustMotionPlanTests.test_single_attempt_cpu_and_transitive_closure) ... ok
test_acyclic_installed_protocol_freeze_and_rehashed_core_tamper (test_scoring_profile_closure.ScoringProfileClosureTests.test_acyclic_installed_protocol_freeze_and_rehashed_core_tamper) ... ok
test_scorer_and_launcher_import_from_only_prescribed_sources (test_scoring_profile_closure.ScoringProfileClosureTests.test_scorer_and_launcher_import_from_only_prescribed_sources) ... ok
test_bounds_preserve_values_or_reject_per_arm_never_clip (test_self_map_candidate.SelfMapAlgebraTests.test_bounds_preserve_values_or_reject_per_arm_never_clip) ... ok
test_cross_term_kept_in_risk_identity_not_automatic_improvement (test_self_map_candidate.SelfMapAlgebraTests.test_cross_term_kept_in_risk_identity_not_automatic_improvement) ... ok
test_float16_decoder_values_keep_original_float32_anchor (test_self_map_candidate.SelfMapAlgebraTests.test_float16_decoder_values_keep_original_float32_anchor) ... ok
test_incomplete_or_nonfinite_inputs_fail_closed (test_self_map_candidate.SelfMapAlgebraTests.test_incomplete_or_nonfinite_inputs_fail_closed) ... ok
test_mean_control_is_only_spatial_mean_not_pointwise_correction (test_self_map_candidate.SelfMapAlgebraTests.test_mean_control_is_only_spatial_mean_not_pointwise_correction) ... ok
test_native_metadata_validation_keeps_original_identity (test_self_map_candidate.SelfMapAlgebraTests.test_native_metadata_validation_keeps_original_identity) ... ok
test_shared_pointwise_nuisance_cancels_full_16_frame_field (test_self_map_candidate.SelfMapAlgebraTests.test_shared_pointwise_nuisance_cancels_full_16_frame_field) ... ok
test_snapshot_rejects_truncation_growth_and_hash_changes (test_self_map_candidate.SelfMapAlgebraTests.test_snapshot_rejects_truncation_growth_and_hash_changes) ... ok
test_zero_residual_changes_nothing_and_preserves_anchor (test_self_map_candidate.SelfMapAlgebraTests.test_zero_residual_changes_nothing_and_preserves_anchor) ... ok
test_real_cross_root_freeze_and_context_to_candidate (test_self_map_plan.SelfMapPlanIntegrationTests.test_real_cross_root_freeze_and_context_to_candidate) ... ok
test_ambiguous_reflection_pose_is_rejected (test_simple_mesh_controls.SimpleMeshControlsTest.test_ambiguous_reflection_pose_is_rejected) ... ok
test_body_smoothing_is_equivariant_to_global_translation (test_simple_mesh_controls.SimpleMeshControlsTest.test_body_smoothing_is_equivariant_to_global_translation) ... ok
test_body_smoothing_preserves_time_varying_rigid_motion (test_simple_mesh_controls.SimpleMeshControlsTest.test_body_smoothing_preserves_time_varying_rigid_motion) ... ok
test_body_smoothing_removes_nonrigid_jitter (test_simple_mesh_controls.SimpleMeshControlsTest.test_body_smoothing_removes_nonrigid_jitter) ... ok
test_collinear_pose_is_rejected_instead_of_arbitrary_rotation (test_simple_mesh_controls.SimpleMeshControlsTest.test_collinear_pose_is_rejected_instead_of_arbitrary_rotation) ... ok
test_existing_evaluator_keeps_failed_arm_in_declared_inventory (test_simple_mesh_controls.SimpleMeshControlsTest.test_existing_evaluator_keeps_failed_arm_in_declared_inventory) ... ok
test_export_preserves_native_arrays_and_reports_full_inventory (test_simple_mesh_controls.SimpleMeshControlsTest.test_export_preserves_native_arrays_and_reports_full_inventory) ... ok
test_failed_body_arm_stays_in_manifest_and_prevents_completion (test_simple_mesh_controls.SimpleMeshControlsTest.test_failed_body_arm_stays_in_manifest_and_prevents_completion) ... ok
test_finite_extreme_input_cannot_emit_nonfinite_world_control (test_simple_mesh_controls.SimpleMeshControlsTest.test_finite_extreme_input_cannot_emit_nonfinite_world_control) ... ok
test_gaussian_boundary_renormalizes_without_wrapping (test_simple_mesh_controls.SimpleMeshControlsTest.test_gaussian_boundary_renormalizes_without_wrapping) ... ok
test_invalid_parameters_or_nonfinite_vertices_rejected (test_simple_mesh_controls.SimpleMeshControlsTest.test_invalid_parameters_or_nonfinite_vertices_rejected) ... ok
test_noninteger_identity_metadata_rejected_before_outputs (test_simple_mesh_controls.SimpleMeshControlsTest.test_noninteger_identity_metadata_rejected_before_outputs) ... ok
test_source_sequence_cli_works_from_a_staged_file_path (test_simple_mesh_controls.SimpleMeshControlsTest.test_source_sequence_cli_works_from_a_staged_file_path) ... ok
test_stale_source_hash_rejected_before_creating_outputs (test_simple_mesh_controls.SimpleMeshControlsTest.test_stale_source_hash_rejected_before_creating_outputs) ... ok
test_world_smoothing_damps_isolated_displacement_and_pins_anchor (test_simple_mesh_controls.SimpleMeshControlsTest.test_world_smoothing_damps_isolated_displacement_and_pins_anchor) ... ok
test_additional_dataset_uid_is_rejected (test_snapshot_admission.SnapshotAdmissionTests.test_additional_dataset_uid_is_rejected) ... ok
test_complete_exact_revision_snapshots_emit_closed_manifest (test_snapshot_admission.SnapshotAdmissionTests.test_complete_exact_revision_snapshots_emit_closed_manifest) ... ok
test_dirty_or_wrong_git_source_is_rejected (test_snapshot_admission.SnapshotAdmissionTests.test_dirty_or_wrong_git_source_is_rejected) ... ok
test_downloaded_html_error_is_rejected (test_snapshot_admission.SnapshotAdmissionTests.test_downloaded_html_error_is_rejected) ... ok
test_empty_snapshot_is_rejected (test_snapshot_admission.SnapshotAdmissionTests.test_empty_snapshot_is_rejected) ... ok
test_existing_output_is_preserved (test_snapshot_admission.SnapshotAdmissionTests.test_existing_output_is_preserved) ... ok
test_file_hashes_and_aggregate_are_content_bound (test_snapshot_admission.SnapshotAdmissionTests.test_file_hashes_and_aggregate_are_content_bound) ... ok
test_lfs_pointer_is_rejected_instead_of_hashed_as_model (test_snapshot_admission.SnapshotAdmissionTests.test_lfs_pointer_is_rejected_instead_of_hashed_as_model) ... ok
test_missing_dataset_frame_is_rejected (test_snapshot_admission.SnapshotAdmissionTests.test_missing_dataset_frame_is_rejected) ... ok
test_missing_hub_metadata_is_rejected (test_snapshot_admission.SnapshotAdmissionTests.test_missing_hub_metadata_is_rejected) ... ok
test_nested_metadata_parent_symlink_is_rejected (test_snapshot_admission.SnapshotAdmissionTests.test_nested_metadata_parent_symlink_is_rejected) ... ok
test_submodule_mismatch_is_rejected (test_snapshot_admission.SnapshotAdmissionTests.test_submodule_mismatch_is_rejected) ... ok
test_symlink_is_rejected_even_when_target_stays_inside_root (test_snapshot_admission.SnapshotAdmissionTests.test_symlink_is_rejected_even_when_target_stays_inside_root) ... ok
test_wrong_hub_revision_metadata_is_rejected (test_snapshot_admission.SnapshotAdmissionTests.test_wrong_hub_revision_metadata_is_rejected) ... ok
test_existing_plan_directory_is_preserved (test_snapshot_admission.SnapshotPlanTests.test_existing_plan_directory_is_preserved) ... ok
test_missing_snapshot_root_is_rejected_before_plan_write (test_snapshot_admission.SnapshotPlanTests.test_missing_snapshot_root_is_rejected_before_plan_write) ... ok
test_plan_binds_the_exact_population_file (test_snapshot_admission.SnapshotPlanTests.test_plan_binds_the_exact_population_file) ... ok
test_plan_is_single_attempt_cpu_only_and_runs_only_admission (test_snapshot_admission.SnapshotPlanTests.test_plan_is_single_attempt_cpu_only_and_runs_only_admission) ... ok
test_cluster_masses_are_empirical_and_atoms_are_observed_medoids (test_spatial_mode_candidate.EmpiricalModesTest.test_cluster_masses_are_empirical_and_atoms_are_observed_medoids) ... ok
test_declared_method_roles_and_native_shape_boundary (test_spatial_mode_candidate.EmpiricalModesTest.test_declared_method_roles_and_native_shape_boundary) ... ok
test_draw_order_does_not_change_bank (test_spatial_mode_candidate.EmpiricalModesTest.test_draw_order_does_not_change_bank) ... ok
test_mode_separation_is_measured_between_observed_medoids (test_spatial_mode_candidate.EmpiricalModesTest.test_mode_separation_is_measured_between_observed_medoids) ... ok
test_reductions_use_the_same_bank (test_spatial_mode_candidate.EmpiricalModesTest.test_reductions_use_the_same_bank) ... ok
test_icm_is_monotone_and_returns_a_one_flip_certificate (test_spatial_mode_candidate.JointEnergyTest.test_icm_is_monotone_and_returns_a_one_flip_certificate) ... ok
test_improper_rotation_hints_are_rejected (test_spatial_mode_candidate.JointEnergyTest.test_improper_rotation_hints_are_rejected) ... ok
test_projected_mean_is_not_projection_to_the_mean_mesh (test_spatial_mode_candidate.SurfaceProjectionTest.test_projected_mean_is_not_projection_to_the_mean_mesh) ... ok
test_projection_uses_union_and_has_deterministic_ties (test_spatial_mode_candidate.SurfaceProjectionTest.test_projection_uses_union_and_has_deterministic_ties) ... ok
test_archive_member_and_evidence_overclaim_tampering_are_rejected (test_strain_projection_candidate.StrainProjectionCandidateTests.test_archive_member_and_evidence_overclaim_tampering_are_rejected) ... ok
test_bounds_failure_retains_reports_and_removes_scoreable_arrays (test_strain_projection_candidate.StrainProjectionCandidateTests.test_bounds_failure_retains_reports_and_removes_scoreable_arrays) ... ok
test_degenerate_or_reflected_maps_fail_without_fallback (test_strain_projection_candidate.StrainProjectionCandidateTests.test_degenerate_or_reflected_maps_fail_without_fallback) ... ok
test_full_export_and_revalidation_preserve_native_identity (test_strain_projection_candidate.StrainProjectionCandidateTests.test_full_export_and_revalidation_preserve_native_identity) ... ok
test_polar_projection_retains_rotation_and_has_distinct_controls (test_strain_projection_candidate.StrainProjectionCandidateTests.test_polar_projection_retains_rotation_and_has_distinct_controls) ... ok
test_invalid_geometry_and_nonconvergence_fail_closed (test_trajectory_bridge_candidate.C08NumericalTests.test_invalid_geometry_and_nonconvergence_fail_closed) ... ok
test_sparse_witness_and_bridge_close_every_required_marginal (test_trajectory_bridge_candidate.C08NumericalTests.test_sparse_witness_and_bridge_close_every_required_marginal) ... ERROR
test_uninformative_terminal_collapses_to_reference_chain (test_trajectory_bridge_candidate.C08NumericalTests.test_uninformative_terminal_collapses_to_reference_chain) ... ok
test_whole_path_conditional_mean_has_known_two_state_value (test_trajectory_bridge_candidate.C08NumericalTests.test_whole_path_conditional_mean_has_known_two_state_value) ... ok
test_whole_path_outputs_preserve_anchor_shape_and_finiteness (test_trajectory_bridge_candidate.C08NumericalTests.test_whole_path_outputs_preserve_anchor_shape_and_finiteness) ... ERROR
test_retained_real_artifact_replays_exactly (test_trajectory_bridge_candidate.C08RetainedNativeAcceptance.test_retained_real_artifact_replays_exactly) ... skipped 'C08 retained-artifact environment is Local-only'
test_plan_output_inventory_comes_from_frozen_manifest_uid (test_unit_resources_plan.UnitResourcesPlanTests.test_plan_output_inventory_comes_from_frozen_manifest_uid) ... ok
test_resource_capture_records_process_ram_and_output_disk (test_unit_resources_plan.UnitResourcesPlanTests.test_resource_capture_records_process_ram_and_output_disk) ... ok
test_unexecuted_admissions_do_not_allow_plan (test_unit_resources_plan.UnitResourcesPlanTests.test_unexecuted_admissions_do_not_allow_plan) ... ok

======================================================================
ERROR: test_real_artifact_freezes_five_role_native_request (test_area_transport_candidate.AreaTransportArtifactTests.test_real_artifact_freezes_five_role_native_request)
----------------------------------------------------------------------
Traceback (most recent call last):
  File "/root/rivermind-data/4d-debug-r1/runs/attempts/debug-r1-cpu-001/all-research-math-checks-a1-5dcc1a0330ec400b8d68183e6a12fbd5/workspace/actionmesh/research_math/tests/test_area_transport_candidate.py", line 444, in test_real_artifact_freezes_five_role_native_request
    "sequence_ref": comparison.file_ref(
                    ^^^^^^^^^^^^^^^^^^^^
  File "/root/rivermind-data/4d-debug-r1/runs/attempts/debug-r1-cpu-001/all-research-math-checks-a1-5dcc1a0330ec400b8d68183e6a12fbd5/workspace/actionmesh/research_math/c11_native_comparison.py", line 71, in file_ref
    return {"path": path.relative_to(root).as_posix(), "sha256": digest(path)}
                                                                 ^^^^^^^^^^^^
  File "/root/rivermind-data/4d-debug-r1/runs/attempts/debug-r1-cpu-001/all-research-math-checks-a1-5dcc1a0330ec400b8d68183e6a12fbd5/workspace/actionmesh/research_math/c11_native_comparison.py", line 43, in digest
    with Path(path).open("rb") as stream:
         ^^^^^^^^^^^^^^^^^^^^^
  File "/opt/conda/lib/python3.12/pathlib.py", line 1013, in open
    return io.open(self, mode, buffering, encoding, errors, newline)
           ^^^^^^^^^^^^^^^^^^^^^^^^^^^^^^^^^^^^^^^^^^^^^^^^^^^^^^^^^
FileNotFoundError: [Errno 2] No such file or directory: '/root/rivermind-data/4d-debug-r1/runs/attempts/debug-r1-cpu-001/all-research-math-checks-a1-5dcc1a0330ec400b8d68183e6a12fbd5/workspace/tmpt1cgoudx/candidate/vertex_density_transport/sequence.npz'

======================================================================
ERROR: test_rectangular_active_sets_preserve_full_native_vertex_ids (test_area_transport_candidate.AreaTransportKernelTests.test_rectangular_active_sets_preserve_full_native_vertex_ids)
----------------------------------------------------------------------
Traceback (most recent call last):
  File "/root/rivermind-data/4d-debug-r1/runs/attempts/debug-r1-cpu-001/all-research-math-checks-a1-5dcc1a0330ec400b8d68183e6a12fbd5/workspace/actionmesh/research_math/tests/test_area_transport_candidate.py", line 173, in test_rectangular_active_sets_preserve_full_native_vertex_ids
    output, certificate, report = candidate.build_role_sequence(
                                  ^^^^^^^^^^^^^^^^^^^^^^^^^^^^^^
  File "/root/rivermind-data/4d-debug-r1/runs/attempts/debug-r1-cpu-001/all-research-math-checks-a1-5dcc1a0330ec400b8d68183e6a12fbd5/workspace/actionmesh/research_math/area_transport_candidate.py", line 614, in build_role_sequence
    plan, diagnostics = sparse_sinkhorn(
                        ^^^^^^^^^^^^^^^^
  File "/root/rivermind-data/4d-debug-r1/runs/attempts/debug-r1-cpu-001/all-research-math-checks-a1-5dcc1a0330ec400b8d68183e6a12fbd5/workspace/actionmesh/research_math/area_transport_candidate.py", line 498, in sparse_sinkhorn
    raise RuntimeError("Sparse Sinkhorn did not close both frozen marginals")
RuntimeError: Sparse Sinkhorn did not close both frozen marginals

======================================================================
ERROR: test_three_roles_share_geometry_and_keep_exact_anchor (test_area_transport_candidate.AreaTransportKernelTests.test_three_roles_share_geometry_and_keep_exact_anchor)
----------------------------------------------------------------------
Traceback (most recent call last):
  File "/root/rivermind-data/4d-debug-r1/runs/attempts/debug-r1-cpu-001/all-research-math-checks-a1-5dcc1a0330ec400b8d68183e6a12fbd5/workspace/actionmesh/research_math/tests/test_area_transport_candidate.py", line 185, in test_three_roles_share_geometry_and_keep_exact_anchor
    outputs, reports, certificates, shared = candidate.build_transport_sequences(
                                             ^^^^^^^^^^^^^^^^^^^^^^^^^^^^^^^^^^^^
  File "/root/rivermind-data/4d-debug-r1/runs/attempts/debug-r1-cpu-001/all-research-math-checks-a1-5dcc1a0330ec400b8d68183e6a12fbd5/workspace/actionmesh/research_math/area_transport_candidate.py", line 687, in build_transport_sequences
    output, certificate, report = build_role_sequence(
                                  ^^^^^^^^^^^^^^^^^^^^
  File "/root/rivermind-data/4d-debug-r1/runs/attempts/debug-r1-cpu-001/all-research-math-checks-a1-5dcc1a0330ec400b8d68183e6a12fbd5/workspace/actionmesh/research_math/area_transport_candidate.py", line 614, in build_role_sequence
    plan, diagnostics = sparse_sinkhorn(
                        ^^^^^^^^^^^^^^^^
  File "/root/rivermind-data/4d-debug-r1/runs/attempts/debug-r1-cpu-001/all-research-math-checks-a1-5dcc1a0330ec400b8d68183e6a12fbd5/workspace/actionmesh/research_math/area_transport_candidate.py", line 498, in sparse_sinkhorn
    raise RuntimeError("Sparse Sinkhorn did not close both frozen marginals")
RuntimeError: Sparse Sinkhorn did not close both frozen marginals

======================================================================
ERROR: test_real_candidate_artifacts_freeze_and_deduplicate (test_c02_native_comparison.C02NativeComparisonTests.test_real_candidate_artifacts_freeze_and_deduplicate)
----------------------------------------------------------------------
Traceback (most recent call last):
  File "/root/rivermind-data/4d-debug-r1/runs/attempts/debug-r1-cpu-001/all-research-math-checks-a1-5dcc1a0330ec400b8d68183e6a12fbd5/workspace/actionmesh/research_math/tests/test_c02_native_comparison.py", line 56, in test_real_candidate_artifacts_freeze_and_deduplicate
    result = candidate.export_candidate(
             ^^^^^^^^^^^^^^^^^^^^^^^^^^^
  File "/root/rivermind-data/4d-debug-r1/runs/attempts/debug-r1-cpu-001/all-research-math-checks-a1-5dcc1a0330ec400b8d68183e6a12fbd5/workspace/actionmesh/research_math/protected_geometry_candidate.py", line 335, in export_candidate
    desired, repair = compute_common_geometry_repair(
                      ^^^^^^^^^^^^^^^^^^^^^^^^^^^^^^^
  File "/root/rivermind-data/4d-debug-r1/runs/attempts/debug-r1-cpu-001/all-research-math-checks-a1-5dcc1a0330ec400b8d68183e6a12fbd5/workspace/actionmesh/research_math/protected_geometry_candidate.py", line 287, in compute_common_geometry_repair
    raise RuntimeError("Common geometry-only ARAP repair did not converge")
RuntimeError: Common geometry-only ARAP repair did not converge

======================================================================
ERROR: test_tampered_shared_solver_certificate_is_rejected (test_c05_native_comparison.C05NativeComparisonTests.test_tampered_shared_solver_certificate_is_rejected)
----------------------------------------------------------------------
Traceback (most recent call last):
  File "/root/rivermind-data/4d-debug-r1/runs/attempts/debug-r1-cpu-001/all-research-math-checks-a1-5dcc1a0330ec400b8d68183e6a12fbd5/workspace/actionmesh/research_math/tests/test_c05_native_comparison.py", line 156, in test_tampered_shared_solver_certificate_is_rejected
    comparison.make_request(PROJECT_ROOT, freeze_path=freeze)
  File "/root/rivermind-data/4d-debug-r1/runs/attempts/debug-r1-cpu-001/all-research-math-checks-a1-5dcc1a0330ec400b8d68183e6a12fbd5/workspace/actionmesh/research_math/c05_native_comparison.py", line 500, in make_request
    candidate, artifact_roles, artifact_refs = _artifact_closure(
                                               ^^^^^^^^^^^^^^^^^^
  File "/root/rivermind-data/4d-debug-r1/runs/attempts/debug-r1-cpu-001/all-research-math-checks-a1-5dcc1a0330ec400b8d68183e6a12fbd5/workspace/actionmesh/research_math/c05_native_comparison.py", line 314, in _artifact_closure
    verified = artifact_module.validate_candidate_artifact(
               ^^^^^^^^^^^^^^^^^^^^^^^^^^^^^^^^^^^^^^^^^^^^
  File "/root/rivermind-data/4d-debug-r1/runs/attempts/debug-r1-cpu-001/all-research-math-checks-a1-5dcc1a0330ec400b8d68183e6a12fbd5/workspace/actionmesh/research_math/c05_candidate_artifacts.py", line 1088, in validate_candidate_artifact
    raise C05ArtifactError("C05 generated member changed")
research_math.c05_candidate_artifacts.C05ArtifactError: C05 generated member changed

======================================================================
ERROR: test_cpu_candidate_plan_uses_only_staged_recursive_closure (test_c05_plan_staging.C05RealStagingTests.test_cpu_candidate_plan_uses_only_staged_recursive_closure)
----------------------------------------------------------------------
Traceback (most recent call last):
  File "/root/rivermind-data/4d-debug-r1/runs/attempts/debug-r1-cpu-001/all-research-math-checks-a1-5dcc1a0330ec400b8d68183e6a12fbd5/workspace/actionmesh/research_math/tests/test_c05_plan_staging.py", line 504, in test_cpu_candidate_plan_uses_only_staged_recursive_closure
    acceptance_native, _ = acceptance_plan.build_plans(
                           ^^^^^^^^^^^^^^^^^^^^^^^^^^^^
  File "/root/rivermind-data/4d-debug-r1/runs/attempts/debug-r1-cpu-001/all-research-math-checks-a1-5dcc1a0330ec400b8d68183e6a12fbd5/workspace/actionmesh/prepare_c05_native_acceptance.py", line 317, in build_plans
    inputs = artifact_refs(
             ^^^^^^^^^^^^^^
  File "/root/rivermind-data/4d-debug-r1/runs/attempts/debug-r1-cpu-001/all-research-math-checks-a1-5dcc1a0330ec400b8d68183e6a12fbd5/workspace/actionmesh/prepare_c05_native_acceptance.py", line 183, in artifact_refs
    files.extend(_walk_source_closure(
                 ^^^^^^^^^^^^^^^^^^^^^
  File "/root/rivermind-data/4d-debug-r1/runs/attempts/debug-r1-cpu-001/all-research-math-checks-a1-5dcc1a0330ec400b8d68183e6a12fbd5/workspace/actionmesh/prepare_c05_native_acceptance.py", line 110, in _walk_source_closure
    value = _load(path)
            ^^^^^^^^^^^
  File "/root/rivermind-data/4d-debug-r1/runs/attempts/debug-r1-cpu-001/all-research-math-checks-a1-5dcc1a0330ec400b8d68183e6a12fbd5/workspace/actionmesh/prepare_c06_native_acceptance.py", line 57, in _load
    raise ValueError('JSON object required')
ValueError: JSON object required

======================================================================
ERROR: test_real_common_target_artifact_freezes_all_five_roles (test_c10_native_comparison.C10NativeComparisonTests.test_real_common_target_artifact_freezes_all_five_roles)
----------------------------------------------------------------------
Traceback (most recent call last):
  File "/root/rivermind-data/4d-debug-r1/runs/attempts/debug-r1-cpu-001/all-research-math-checks-a1-5dcc1a0330ec400b8d68183e6a12fbd5/workspace/actionmesh/research_math/tests/test_c10_native_comparison.py", line 137, in test_real_common_target_artifact_freezes_all_five_roles
    request = comparison.make_request(root, freeze_path=freeze_path)
              ^^^^^^^^^^^^^^^^^^^^^^^^^^^^^^^^^^^^^^^^^^^^^^^^^^^^^^
  File "/root/rivermind-data/4d-debug-r1/runs/attempts/debug-r1-cpu-001/all-research-math-checks-a1-5dcc1a0330ec400b8d68183e6a12fbd5/workspace/actionmesh/research_math/c10_native_comparison.py", line 276, in make_request
    artifact, artifact_refs, common_target_ref = _artifact_closure(
                                                 ^^^^^^^^^^^^^^^^^^
  File "/root/rivermind-data/4d-debug-r1/runs/attempts/debug-r1-cpu-001/all-research-math-checks-a1-5dcc1a0330ec400b8d68183e6a12fbd5/workspace/actionmesh/research_math/c10_native_comparison.py", line 191, in _artifact_closure
    verified = candidate_module.validate_candidate_artifact(root, artifact_path)
               ^^^^^^^^^^^^^^^^^^^^^^^^^^^^^^^^^^^^^^^^^^^^^^^^^^^^^^^^^^^^^^^^^
  File "/root/rivermind-data/4d-debug-r1/runs/attempts/debug-r1-cpu-001/all-research-math-checks-a1-5dcc1a0330ec400b8d68183e6a12fbd5/workspace/actionmesh/research_math/integrable_gradient_candidate.py", line 983, in validate_candidate_artifact
    raise ValueError(f"{role} sequence differs from exact reconstruction")
ValueError: independent_local_repair sequence differs from exact reconstruction

======================================================================
ERROR: test_all_byte_identical_physical_roles_share_one_measurement (test_c14_native_comparison.C14NativeComparisonTests.test_all_byte_identical_physical_roles_share_one_measurement)
----------------------------------------------------------------------
Traceback (most recent call last):
  File "/root/rivermind-data/4d-debug-r1/runs/attempts/debug-r1-cpu-001/all-research-math-checks-a1-5dcc1a0330ec400b8d68183e6a12fbd5/workspace/actionmesh/research_math/tests/test_c14_native_comparison.py", line 242, in test_all_byte_identical_physical_roles_share_one_measurement
    request = comparison.make_request(self.root, freeze_path=freeze_path)
              ^^^^^^^^^^^^^^^^^^^^^^^^^^^^^^^^^^^^^^^^^^^^^^^^^^^^^^^^^^^
  File "/root/rivermind-data/4d-debug-r1/runs/attempts/debug-r1-cpu-001/all-research-math-checks-a1-5dcc1a0330ec400b8d68183e6a12fbd5/workspace/actionmesh/research_math/c14_native_comparison.py", line 432, in make_request
    raise ValueError('C14 candidate method_id is fixed')
ValueError: C14 candidate method_id is fixed

======================================================================
ERROR: test_candidate_certificate_is_part_of_the_scoring_input_closure (test_c14_native_comparison.C14NativeComparisonTests.test_candidate_certificate_is_part_of_the_scoring_input_closure)
----------------------------------------------------------------------
Traceback (most recent call last):
  File "/root/rivermind-data/4d-debug-r1/runs/attempts/debug-r1-cpu-001/all-research-math-checks-a1-5dcc1a0330ec400b8d68183e6a12fbd5/workspace/actionmesh/research_math/tests/test_c14_native_comparison.py", line 316, in test_candidate_certificate_is_part_of_the_scoring_input_closure
    request = comparison.make_request(self.root, freeze_path=freeze_path)
              ^^^^^^^^^^^^^^^^^^^^^^^^^^^^^^^^^^^^^^^^^^^^^^^^^^^^^^^^^^^
  File "/root/rivermind-data/4d-debug-r1/runs/attempts/debug-r1-cpu-001/all-research-math-checks-a1-5dcc1a0330ec400b8d68183e6a12fbd5/workspace/actionmesh/research_math/c14_native_comparison.py", line 432, in make_request
    raise ValueError('C14 candidate method_id is fixed')
ValueError: C14 candidate method_id is fixed

======================================================================
ERROR: test_failed_physical_arm_is_retained_without_a_scoring_case (test_c14_native_comparison.C14NativeComparisonTests.test_failed_physical_arm_is_retained_without_a_scoring_case)
----------------------------------------------------------------------
Traceback (most recent call last):
  File "/root/rivermind-data/4d-debug-r1/runs/attempts/debug-r1-cpu-001/all-research-math-checks-a1-5dcc1a0330ec400b8d68183e6a12fbd5/workspace/actionmesh/research_math/tests/test_c14_native_comparison.py", line 301, in test_failed_physical_arm_is_retained_without_a_scoring_case
    request = comparison.make_request(self.root, freeze_path=freeze_path)
              ^^^^^^^^^^^^^^^^^^^^^^^^^^^^^^^^^^^^^^^^^^^^^^^^^^^^^^^^^^^
  File "/root/rivermind-data/4d-debug-r1/runs/attempts/debug-r1-cpu-001/all-research-math-checks-a1-5dcc1a0330ec400b8d68183e6a12fbd5/workspace/actionmesh/research_math/c14_native_comparison.py", line 432, in make_request
    raise ValueError('C14 candidate method_id is fixed')
ValueError: C14 candidate method_id is fixed

======================================================================
ERROR: test_freeze_keeps_five_roles_but_deduplicates_explicit_b_star_alias (test_c14_native_comparison.C14NativeComparisonTests.test_freeze_keeps_five_roles_but_deduplicates_explicit_b_star_alias)
----------------------------------------------------------------------
Traceback (most recent call last):
  File "/root/rivermind-data/4d-debug-r1/runs/attempts/debug-r1-cpu-001/all-research-math-checks-a1-5dcc1a0330ec400b8d68183e6a12fbd5/workspace/actionmesh/research_math/tests/test_c14_native_comparison.py", line 215, in test_freeze_keeps_five_roles_but_deduplicates_explicit_b_star_alias
    request = comparison.make_request(self.root, freeze_path=freeze_path)
              ^^^^^^^^^^^^^^^^^^^^^^^^^^^^^^^^^^^^^^^^^^^^^^^^^^^^^^^^^^^
  File "/root/rivermind-data/4d-debug-r1/runs/attempts/debug-r1-cpu-001/all-research-math-checks-a1-5dcc1a0330ec400b8d68183e6a12fbd5/workspace/actionmesh/research_math/c14_native_comparison.py", line 432, in make_request
    raise ValueError('C14 candidate method_id is fixed')
ValueError: C14 candidate method_id is fixed

======================================================================
ERROR: test_b_star_freeze_covers_all_candidates_and_only_declared_controls (test_g01_design.G01DesignTests.test_b_star_freeze_covers_all_candidates_and_only_declared_controls)
----------------------------------------------------------------------
Traceback (most recent call last):
  File "/root/rivermind-data/4d-debug-r1/runs/attempts/debug-r1-cpu-001/all-research-math-checks-a1-5dcc1a0330ec400b8d68183e6a12fbd5/workspace/actionmesh/research_math/tests/test_g01_design.py", line 356, in test_b_star_freeze_covers_all_candidates_and_only_declared_controls
    design = g01.validate_design(self.repository, self.design_path)
             ^^^^^^^^^^^^^^^^^^^^^^^^^^^^^^^^^^^^^^^^^^^^^^^^^^^^^^
  File "/root/rivermind-data/4d-debug-r1/runs/attempts/debug-r1-cpu-001/all-research-math-checks-a1-5dcc1a0330ec400b8d68183e6a12fbd5/workspace/actionmesh/research_math/g01_design.py", line 488, in validate_design
    return validate_design_record(root, read_json(design_path))
           ^^^^^^^^^^^^^^^^^^^^^^^^^^^^^^^^^^^^^^^^^^^^^^^^^^^^
  File "/root/rivermind-data/4d-debug-r1/runs/attempts/debug-r1-cpu-001/all-research-math-checks-a1-5dcc1a0330ec400b8d68183e6a12fbd5/workspace/actionmesh/research_math/g01_design.py", line 412, in validate_design_record
    resolve_ref(root, ref)
  File "/root/rivermind-data/4d-debug-r1/runs/attempts/debug-r1-cpu-001/all-research-math-checks-a1-5dcc1a0330ec400b8d68183e6a12fbd5/workspace/actionmesh/research_math/g01_design.py", line 201, in resolve_ref
    raise ValueError("reference digest mismatch: " + relative)
ValueError: reference digest mismatch: actionmesh/prepare_c01_native_scoring.py

======================================================================
ERROR: test_b_star_freeze_recomputes_complete_d1_minimum (test_g01_design.G01DesignTests.test_b_star_freeze_recomputes_complete_d1_minimum)
----------------------------------------------------------------------
Traceback (most recent call last):
  File "/root/rivermind-data/4d-debug-r1/runs/attempts/debug-r1-cpu-001/all-research-math-checks-a1-5dcc1a0330ec400b8d68183e6a12fbd5/workspace/actionmesh/research_math/tests/test_g01_design.py", line 374, in test_b_star_freeze_recomputes_complete_d1_minimum
    design = deepcopy(g01.validate_design(self.repository, self.design_path))
                      ^^^^^^^^^^^^^^^^^^^^^^^^^^^^^^^^^^^^^^^^^^^^^^^^^^^^^^
  File "/root/rivermind-data/4d-debug-r1/runs/attempts/debug-r1-cpu-001/all-research-math-checks-a1-5dcc1a0330ec400b8d68183e6a12fbd5/workspace/actionmesh/research_math/g01_design.py", line 488, in validate_design
    return validate_design_record(root, read_json(design_path))
           ^^^^^^^^^^^^^^^^^^^^^^^^^^^^^^^^^^^^^^^^^^^^^^^^^^^^
  File "/root/rivermind-data/4d-debug-r1/runs/attempts/debug-r1-cpu-001/all-research-math-checks-a1-5dcc1a0330ec400b8d68183e6a12fbd5/workspace/actionmesh/research_math/g01_design.py", line 412, in validate_design_record
    resolve_ref(root, ref)
  File "/root/rivermind-data/4d-debug-r1/runs/attempts/debug-r1-cpu-001/all-research-math-checks-a1-5dcc1a0330ec400b8d68183e6a12fbd5/workspace/actionmesh/research_math/g01_design.py", line 201, in resolve_ref
    raise ValueError("reference digest mismatch: " + relative)
ValueError: reference digest mismatch: actionmesh/prepare_c01_native_scoring.py

======================================================================
ERROR: test_c15_preparer_and_shared_support_are_frozen_and_extra_code_is_rejected (test_g01_design.G01DesignTests.test_c15_preparer_and_shared_support_are_frozen_and_extra_code_is_rejected)
----------------------------------------------------------------------
Traceback (most recent call last):
  File "/root/rivermind-data/4d-debug-r1/runs/attempts/debug-r1-cpu-001/all-research-math-checks-a1-5dcc1a0330ec400b8d68183e6a12fbd5/workspace/actionmesh/research_math/tests/test_g01_design.py", line 96, in test_c15_preparer_and_shared_support_are_frozen_and_extra_code_is_rejected
    design = g01.validate_design(self.repository, self.design_path)
             ^^^^^^^^^^^^^^^^^^^^^^^^^^^^^^^^^^^^^^^^^^^^^^^^^^^^^^
  File "/root/rivermind-data/4d-debug-r1/runs/attempts/debug-r1-cpu-001/all-research-math-checks-a1-5dcc1a0330ec400b8d68183e6a12fbd5/workspace/actionmesh/research_math/g01_design.py", line 488, in validate_design
    return validate_design_record(root, read_json(design_path))
           ^^^^^^^^^^^^^^^^^^^^^^^^^^^^^^^^^^^^^^^^^^^^^^^^^^^^
  File "/root/rivermind-data/4d-debug-r1/runs/attempts/debug-r1-cpu-001/all-research-math-checks-a1-5dcc1a0330ec400b8d68183e6a12fbd5/workspace/actionmesh/research_math/g01_design.py", line 412, in validate_design_record
    resolve_ref(root, ref)
  File "/root/rivermind-data/4d-debug-r1/runs/attempts/debug-r1-cpu-001/all-research-math-checks-a1-5dcc1a0330ec400b8d68183e6a12fbd5/workspace/actionmesh/research_math/g01_design.py", line 201, in resolve_ref
    raise ValueError("reference digest mismatch: " + relative)
ValueError: reference digest mismatch: actionmesh/prepare_c01_native_scoring.py

======================================================================
ERROR: test_family_label_unrelated_to_metadata_and_category_swap_are_rejected (test_g01_design.G01DesignTests.test_family_label_unrelated_to_metadata_and_category_swap_are_rejected)
----------------------------------------------------------------------
Traceback (most recent call last):
  File "/root/rivermind-data/4d-debug-r1/runs/attempts/debug-r1-cpu-001/all-research-math-checks-a1-5dcc1a0330ec400b8d68183e6a12fbd5/workspace/actionmesh/research_math/tests/test_g01_design.py", line 289, in test_family_label_unrelated_to_metadata_and_category_swap_are_rejected
    design = g01.validate_design(self.repository, self.design_path)
             ^^^^^^^^^^^^^^^^^^^^^^^^^^^^^^^^^^^^^^^^^^^^^^^^^^^^^^
  File "/root/rivermind-data/4d-debug-r1/runs/attempts/debug-r1-cpu-001/all-research-math-checks-a1-5dcc1a0330ec400b8d68183e6a12fbd5/workspace/actionmesh/research_math/g01_design.py", line 488, in validate_design
    return validate_design_record(root, read_json(design_path))
           ^^^^^^^^^^^^^^^^^^^^^^^^^^^^^^^^^^^^^^^^^^^^^^^^^^^^
  File "/root/rivermind-data/4d-debug-r1/runs/attempts/debug-r1-cpu-001/all-research-math-checks-a1-5dcc1a0330ec400b8d68183e6a12fbd5/workspace/actionmesh/research_math/g01_design.py", line 412, in validate_design_record
    resolve_ref(root, ref)
  File "/root/rivermind-data/4d-debug-r1/runs/attempts/debug-r1-cpu-001/all-research-math-checks-a1-5dcc1a0330ec400b8d68183e6a12fbd5/workspace/actionmesh/research_math/g01_design.py", line 201, in resolve_ref
    raise ValueError("reference digest mismatch: " + relative)
ValueError: reference digest mismatch: actionmesh/prepare_c01_native_scoring.py

======================================================================
ERROR: test_family_split_is_deterministic_and_keeps_exposure_out_of_confirmation (test_g01_design.G01DesignTests.test_family_split_is_deterministic_and_keeps_exposure_out_of_confirmation)
----------------------------------------------------------------------
Traceback (most recent call last):
  File "/root/rivermind-data/4d-debug-r1/runs/attempts/debug-r1-cpu-001/all-research-math-checks-a1-5dcc1a0330ec400b8d68183e6a12fbd5/workspace/actionmesh/research_math/tests/test_g01_design.py", line 248, in test_family_split_is_deterministic_and_keeps_exposure_out_of_confirmation
    design = g01.validate_design(self.repository, self.design_path)
             ^^^^^^^^^^^^^^^^^^^^^^^^^^^^^^^^^^^^^^^^^^^^^^^^^^^^^^
  File "/root/rivermind-data/4d-debug-r1/runs/attempts/debug-r1-cpu-001/all-research-math-checks-a1-5dcc1a0330ec400b8d68183e6a12fbd5/workspace/actionmesh/research_math/g01_design.py", line 488, in validate_design
    return validate_design_record(root, read_json(design_path))
           ^^^^^^^^^^^^^^^^^^^^^^^^^^^^^^^^^^^^^^^^^^^^^^^^^^^^
  File "/root/rivermind-data/4d-debug-r1/runs/attempts/debug-r1-cpu-001/all-research-math-checks-a1-5dcc1a0330ec400b8d68183e6a12fbd5/workspace/actionmesh/research_math/g01_design.py", line 412, in validate_design_record
    resolve_ref(root, ref)
  File "/root/rivermind-data/4d-debug-r1/runs/attempts/debug-r1-cpu-001/all-research-math-checks-a1-5dcc1a0330ec400b8d68183e6a12fbd5/workspace/actionmesh/research_math/g01_design.py", line 201, in resolve_ref
    raise ValueError("reference digest mismatch: " + relative)
ValueError: reference digest mismatch: actionmesh/prepare_c01_native_scoring.py

======================================================================
ERROR: test_real_stage_design_binds_all_selected_specs_and_native_population (test_g01_design.G01DesignTests.test_real_stage_design_binds_all_selected_specs_and_native_population)
----------------------------------------------------------------------
Traceback (most recent call last):
  File "/root/rivermind-data/4d-debug-r1/runs/attempts/debug-r1-cpu-001/all-research-math-checks-a1-5dcc1a0330ec400b8d68183e6a12fbd5/workspace/actionmesh/research_math/tests/test_g01_design.py", line 42, in test_real_stage_design_binds_all_selected_specs_and_native_population
    design = g01.validate_design(self.repository, self.design_path)
             ^^^^^^^^^^^^^^^^^^^^^^^^^^^^^^^^^^^^^^^^^^^^^^^^^^^^^^
  File "/root/rivermind-data/4d-debug-r1/runs/attempts/debug-r1-cpu-001/all-research-math-checks-a1-5dcc1a0330ec400b8d68183e6a12fbd5/workspace/actionmesh/research_math/g01_design.py", line 488, in validate_design
    return validate_design_record(root, read_json(design_path))
           ^^^^^^^^^^^^^^^^^^^^^^^^^^^^^^^^^^^^^^^^^^^^^^^^^^^^
  File "/root/rivermind-data/4d-debug-r1/runs/attempts/debug-r1-cpu-001/all-research-math-checks-a1-5dcc1a0330ec400b8d68183e6a12fbd5/workspace/actionmesh/research_math/g01_design.py", line 412, in validate_design_record
    resolve_ref(root, ref)
  File "/root/rivermind-data/4d-debug-r1/runs/attempts/debug-r1-cpu-001/all-research-math-checks-a1-5dcc1a0330ec400b8d68183e6a12fbd5/workspace/actionmesh/research_math/g01_design.py", line 201, in resolve_ref
    raise ValueError("reference digest mismatch: " + relative)
ValueError: reference digest mismatch: actionmesh/prepare_c01_native_scoring.py

======================================================================
ERROR: test_shared_b0_profiles_pin_the_actual_context_producer (test_g01_design.G01DesignTests.test_shared_b0_profiles_pin_the_actual_context_producer)
----------------------------------------------------------------------
Traceback (most recent call last):
  File "/root/rivermind-data/4d-debug-r1/runs/attempts/debug-r1-cpu-001/all-research-math-checks-a1-5dcc1a0330ec400b8d68183e6a12fbd5/workspace/actionmesh/research_math/tests/test_g01_design.py", line 65, in test_shared_b0_profiles_pin_the_actual_context_producer
    design = g01.validate_design(self.repository, self.design_path)
             ^^^^^^^^^^^^^^^^^^^^^^^^^^^^^^^^^^^^^^^^^^^^^^^^^^^^^^
  File "/root/rivermind-data/4d-debug-r1/runs/attempts/debug-r1-cpu-001/all-research-math-checks-a1-5dcc1a0330ec400b8d68183e6a12fbd5/workspace/actionmesh/research_math/g01_design.py", line 488, in validate_design
    return validate_design_record(root, read_json(design_path))
           ^^^^^^^^^^^^^^^^^^^^^^^^^^^^^^^^^^^^^^^^^^^^^^^^^^^^
  File "/root/rivermind-data/4d-debug-r1/runs/attempts/debug-r1-cpu-001/all-research-math-checks-a1-5dcc1a0330ec400b8d68183e6a12fbd5/workspace/actionmesh/research_math/g01_design.py", line 412, in validate_design_record
    resolve_ref(root, ref)
  File "/root/rivermind-data/4d-debug-r1/runs/attempts/debug-r1-cpu-001/all-research-math-checks-a1-5dcc1a0330ec400b8d68183e6a12fbd5/workspace/actionmesh/research_math/g01_design.py", line 201, in resolve_ref
    raise ValueError("reference digest mismatch: " + relative)
ValueError: reference digest mismatch: actionmesh/prepare_c01_native_scoring.py

======================================================================
ERROR: test_too_few_confirmation_clusters_are_rejected (test_g01_design.G01DesignTests.test_too_few_confirmation_clusters_are_rejected)
----------------------------------------------------------------------
Traceback (most recent call last):
  File "/root/rivermind-data/4d-debug-r1/runs/attempts/debug-r1-cpu-001/all-research-math-checks-a1-5dcc1a0330ec400b8d68183e6a12fbd5/workspace/actionmesh/research_math/tests/test_g01_design.py", line 346, in test_too_few_confirmation_clusters_are_rejected
    design = g01.validate_design(self.repository, self.design_path)
             ^^^^^^^^^^^^^^^^^^^^^^^^^^^^^^^^^^^^^^^^^^^^^^^^^^^^^^
  File "/root/rivermind-data/4d-debug-r1/runs/attempts/debug-r1-cpu-001/all-research-math-checks-a1-5dcc1a0330ec400b8d68183e6a12fbd5/workspace/actionmesh/research_math/g01_design.py", line 488, in validate_design
    return validate_design_record(root, read_json(design_path))
           ^^^^^^^^^^^^^^^^^^^^^^^^^^^^^^^^^^^^^^^^^^^^^^^^^^^^
  File "/root/rivermind-data/4d-debug-r1/runs/attempts/debug-r1-cpu-001/all-research-math-checks-a1-5dcc1a0330ec400b8d68183e6a12fbd5/workspace/actionmesh/research_math/g01_design.py", line 412, in validate_design_record
    resolve_ref(root, ref)
  File "/root/rivermind-data/4d-debug-r1/runs/attempts/debug-r1-cpu-001/all-research-math-checks-a1-5dcc1a0330ec400b8d68183e6a12fbd5/workspace/actionmesh/research_math/g01_design.py", line 201, in resolve_ref
    raise ValueError("reference digest mismatch: " + relative)
ValueError: reference digest mismatch: actionmesh/prepare_c01_native_scoring.py

======================================================================
ERROR: test_uid_derived_family_labels_are_rejected (test_g01_design.G01DesignTests.test_uid_derived_family_labels_are_rejected)
----------------------------------------------------------------------
Traceback (most recent call last):
  File "/root/rivermind-data/4d-debug-r1/runs/attempts/debug-r1-cpu-001/all-research-math-checks-a1-5dcc1a0330ec400b8d68183e6a12fbd5/workspace/actionmesh/research_math/tests/test_g01_design.py", line 280, in test_uid_derived_family_labels_are_rejected
    design = g01.validate_design(self.repository, self.design_path)
             ^^^^^^^^^^^^^^^^^^^^^^^^^^^^^^^^^^^^^^^^^^^^^^^^^^^^^^
  File "/root/rivermind-data/4d-debug-r1/runs/attempts/debug-r1-cpu-001/all-research-math-checks-a1-5dcc1a0330ec400b8d68183e6a12fbd5/workspace/actionmesh/research_math/g01_design.py", line 488, in validate_design
    return validate_design_record(root, read_json(design_path))
           ^^^^^^^^^^^^^^^^^^^^^^^^^^^^^^^^^^^^^^^^^^^^^^^^^^^^
  File "/root/rivermind-data/4d-debug-r1/runs/attempts/debug-r1-cpu-001/all-research-math-checks-a1-5dcc1a0330ec400b8d68183e6a12fbd5/workspace/actionmesh/research_math/g01_design.py", line 412, in validate_design_record
    resolve_ref(root, ref)
  File "/root/rivermind-data/4d-debug-r1/runs/attempts/debug-r1-cpu-001/all-research-math-checks-a1-5dcc1a0330ec400b8d68183e6a12fbd5/workspace/actionmesh/research_math/g01_design.py", line 201, in resolve_ref
    raise ValueError("reference digest mismatch: " + relative)
ValueError: reference digest mismatch: actionmesh/prepare_c01_native_scoring.py

======================================================================
ERROR: test_unreviewed_or_incomplete_family_evidence_is_rejected (test_g01_design.G01DesignTests.test_unreviewed_or_incomplete_family_evidence_is_rejected)
----------------------------------------------------------------------
Traceback (most recent call last):
  File "/root/rivermind-data/4d-debug-r1/runs/attempts/debug-r1-cpu-001/all-research-math-checks-a1-5dcc1a0330ec400b8d68183e6a12fbd5/workspace/actionmesh/research_math/tests/test_g01_design.py", line 268, in test_unreviewed_or_incomplete_family_evidence_is_rejected
    design = g01.validate_design(self.repository, self.design_path)
             ^^^^^^^^^^^^^^^^^^^^^^^^^^^^^^^^^^^^^^^^^^^^^^^^^^^^^^
  File "/root/rivermind-data/4d-debug-r1/runs/attempts/debug-r1-cpu-001/all-research-math-checks-a1-5dcc1a0330ec400b8d68183e6a12fbd5/workspace/actionmesh/research_math/g01_design.py", line 488, in validate_design
    return validate_design_record(root, read_json(design_path))
           ^^^^^^^^^^^^^^^^^^^^^^^^^^^^^^^^^^^^^^^^^^^^^^^^^^^^
  File "/root/rivermind-data/4d-debug-r1/runs/attempts/debug-r1-cpu-001/all-research-math-checks-a1-5dcc1a0330ec400b8d68183e6a12fbd5/workspace/actionmesh/research_math/g01_design.py", line 412, in validate_design_record
    resolve_ref(root, ref)
  File "/root/rivermind-data/4d-debug-r1/runs/attempts/debug-r1-cpu-001/all-research-math-checks-a1-5dcc1a0330ec400b8d68183e6a12fbd5/workspace/actionmesh/research_math/g01_design.py", line 201, in resolve_ref
    raise ValueError("reference digest mismatch: " + relative)
ValueError: reference digest mismatch: actionmesh/prepare_c01_native_scoring.py

======================================================================
ERROR: test_affine_motion_is_fixed_point_with_exact_anchor_and_certificate (test_group_acceleration_candidate.GroupAccelerationCandidateTests.test_affine_motion_is_fixed_point_with_exact_anchor_and_certificate)
----------------------------------------------------------------------
Traceback (most recent call last):
  File "/root/rivermind-data/4d-debug-r1/runs/attempts/debug-r1-cpu-001/all-research-math-checks-a1-5dcc1a0330ec400b8d68183e6a12fbd5/workspace/actionmesh/research_math/tests/test_group_acceleration_candidate.py", line 50, in test_affine_motion_is_fixed_point_with_exact_anchor_and_certificate
    repaired, certificate, diagnostics = self.solve(source)
                                         ^^^^^^^^^^^^^^^^^^
  File "/root/rivermind-data/4d-debug-r1/runs/attempts/debug-r1-cpu-001/all-research-math-checks-a1-5dcc1a0330ec400b8d68183e6a12fbd5/workspace/actionmesh/research_math/tests/test_group_acceleration_candidate.py", line 38, in solve
    return candidate.repair_group_acceleration(
           ^^^^^^^^^^^^^^^^^^^^^^^^^^^^^^^^^^^^
  File "/root/rivermind-data/4d-debug-r1/runs/attempts/debug-r1-cpu-001/all-research-math-checks-a1-5dcc1a0330ec400b8d68183e6a12fbd5/workspace/actionmesh/research_math/group_acceleration_candidate.py", line 420, in repair_group_acceleration
    raise RuntimeError(
RuntimeError: Exported float32 sequence failed primal/dual gap tolerance: gap=3.5860896303291495e-06, tolerance=9.9999999999999995e-08

======================================================================
ERROR: test_off_diagonal_metric_keeps_anchor_cross_term (test_group_acceleration_candidate.GroupAccelerationCandidateTests.test_off_diagonal_metric_keeps_anchor_cross_term)
----------------------------------------------------------------------
Traceback (most recent call last):
  File "/root/rivermind-data/4d-debug-r1/runs/attempts/debug-r1-cpu-001/all-research-math-checks-a1-5dcc1a0330ec400b8d68183e6a12fbd5/workspace/actionmesh/research_math/tests/test_group_acceleration_candidate.py", line 77, in test_off_diagonal_metric_keeps_anchor_cross_term
    repaired, _, diagnostics = self.solve(source, metric)
                               ^^^^^^^^^^^^^^^^^^^^^^^^^^
  File "/root/rivermind-data/4d-debug-r1/runs/attempts/debug-r1-cpu-001/all-research-math-checks-a1-5dcc1a0330ec400b8d68183e6a12fbd5/workspace/actionmesh/research_math/tests/test_group_acceleration_candidate.py", line 38, in solve
    return candidate.repair_group_acceleration(
           ^^^^^^^^^^^^^^^^^^^^^^^^^^^^^^^^^^^^
  File "/root/rivermind-data/4d-debug-r1/runs/attempts/debug-r1-cpu-001/all-research-math-checks-a1-5dcc1a0330ec400b8d68183e6a12fbd5/workspace/actionmesh/research_math/group_acceleration_candidate.py", line 420, in repair_group_acceleration
    raise RuntimeError(
RuntimeError: Exported float32 sequence failed primal/dual gap tolerance: gap=5.6138057702437294e-07, tolerance=9.9999999999999995e-08

======================================================================
ERROR: test_three_dimensional_group_prior_is_rotation_equivariant (test_group_acceleration_candidate.GroupAccelerationCandidateTests.test_three_dimensional_group_prior_is_rotation_equivariant)
----------------------------------------------------------------------
Traceback (most recent call last):
  File "/root/rivermind-data/4d-debug-r1/runs/attempts/debug-r1-cpu-001/all-research-math-checks-a1-5dcc1a0330ec400b8d68183e6a12fbd5/workspace/actionmesh/research_math/tests/test_group_acceleration_candidate.py", line 67, in test_three_dimensional_group_prior_is_rotation_equivariant
    repaired, _, _ = self.solve(source)
                     ^^^^^^^^^^^^^^^^^^
  File "/root/rivermind-data/4d-debug-r1/runs/attempts/debug-r1-cpu-001/all-research-math-checks-a1-5dcc1a0330ec400b8d68183e6a12fbd5/workspace/actionmesh/research_math/tests/test_group_acceleration_candidate.py", line 38, in solve
    return candidate.repair_group_acceleration(
           ^^^^^^^^^^^^^^^^^^^^^^^^^^^^^^^^^^^^
  File "/root/rivermind-data/4d-debug-r1/runs/attempts/debug-r1-cpu-001/all-research-math-checks-a1-5dcc1a0330ec400b8d68183e6a12fbd5/workspace/actionmesh/research_math/group_acceleration_candidate.py", line 420, in repair_group_acceleration
    raise RuntimeError(
RuntimeError: Exported float32 sequence failed primal/dual gap tolerance: gap=1.1109422827226823e-06, tolerance=9.9999999999999995e-08

======================================================================
ERROR: test_full_export_preserves_16_frames_topology_ids_and_recomputes (test_integrable_gradient_candidate.IntegrableGradientCandidateTests.test_full_export_preserves_16_frames_topology_ids_and_recomputes)
----------------------------------------------------------------------
Traceback (most recent call last):
  File "/root/rivermind-data/4d-debug-r1/runs/attempts/debug-r1-cpu-001/all-research-math-checks-a1-5dcc1a0330ec400b8d68183e6a12fbd5/workspace/actionmesh/research_math/tests/test_integrable_gradient_candidate.py", line 117, in test_full_export_preserves_16_frames_topology_ids_and_recomputes
    record = candidate.validate_candidate_artifact(root, output / "candidate.json")
             ^^^^^^^^^^^^^^^^^^^^^^^^^^^^^^^^^^^^^^^^^^^^^^^^^^^^^^^^^^^^^^^^^^^^^^
  File "/root/rivermind-data/4d-debug-r1/runs/attempts/debug-r1-cpu-001/all-research-math-checks-a1-5dcc1a0330ec400b8d68183e6a12fbd5/workspace/actionmesh/research_math/integrable_gradient_candidate.py", line 983, in validate_candidate_artifact
    raise ValueError(f"{role} sequence differs from exact reconstruction")
ValueError: independent_local_repair sequence differs from exact reconstruction

======================================================================
ERROR: test_real_artifact_freezes_five_role_native_request (test_partial_transport_candidate.PartialTransportArtifactTests.test_real_artifact_freezes_five_role_native_request)
----------------------------------------------------------------------
Traceback (most recent call last):
  File "/root/rivermind-data/4d-debug-r1/runs/attempts/debug-r1-cpu-001/all-research-math-checks-a1-5dcc1a0330ec400b8d68183e6a12fbd5/workspace/actionmesh/research_math/tests/test_partial_transport_candidate.py", line 337, in test_real_artifact_freezes_five_role_native_request
    "sequence_ref": comparison.file_ref(
                    ^^^^^^^^^^^^^^^^^^^^
  File "/root/rivermind-data/4d-debug-r1/runs/attempts/debug-r1-cpu-001/all-research-math-checks-a1-5dcc1a0330ec400b8d68183e6a12fbd5/workspace/actionmesh/research_math/c11_native_comparison.py", line 71, in file_ref
    return {"path": path.relative_to(root).as_posix(), "sha256": digest(path)}
                                                                 ^^^^^^^^^^^^
  File "/root/rivermind-data/4d-debug-r1/runs/attempts/debug-r1-cpu-001/all-research-math-checks-a1-5dcc1a0330ec400b8d68183e6a12fbd5/workspace/actionmesh/research_math/c11_native_comparison.py", line 43, in digest
    with Path(path).open("rb") as stream:
         ^^^^^^^^^^^^^^^^^^^^^
  File "/opt/conda/lib/python3.12/pathlib.py", line 1013, in open
    return io.open(self, mode, buffering, encoding, errors, newline)
           ^^^^^^^^^^^^^^^^^^^^^^^^^^^^^^^^^^^^^^^^^^^^^^^^^^^^^^^^^
FileNotFoundError: [Errno 2] No such file or directory: '/root/rivermind-data/4d-debug-r1/runs/attempts/debug-r1-cpu-001/all-research-math-checks-a1-5dcc1a0330ec400b8d68183e6a12fbd5/workspace/tmpvcjn2slt/candidate/full_mass_transport/sequence.npz'

======================================================================
ERROR: test_rectangular_active_sets_preserve_full_native_vertex_ids (test_partial_transport_candidate.PartialTransportKernelTests.test_rectangular_active_sets_preserve_full_native_vertex_ids)
----------------------------------------------------------------------
Traceback (most recent call last):
  File "/root/rivermind-data/4d-debug-r1/runs/attempts/debug-r1-cpu-001/all-research-math-checks-a1-5dcc1a0330ec400b8d68183e6a12fbd5/workspace/actionmesh/research_math/tests/test_partial_transport_candidate.py", line 65, in test_rectangular_active_sets_preserve_full_native_vertex_ids
    output, certificate, report = candidate.build_role_sequence(
                                  ^^^^^^^^^^^^^^^^^^^^^^^^^^^^^^
  File "/root/rivermind-data/4d-debug-r1/runs/attempts/debug-r1-cpu-001/all-research-math-checks-a1-5dcc1a0330ec400b8d68183e6a12fbd5/workspace/actionmesh/research_math/partial_transport_candidate.py", line 710, in build_role_sequence
    plan, diagnostics = sparse_sinkhorn(
                        ^^^^^^^^^^^^^^^^
  File "/root/rivermind-data/4d-debug-r1/runs/attempts/debug-r1-cpu-001/all-research-math-checks-a1-5dcc1a0330ec400b8d68183e6a12fbd5/workspace/actionmesh/research_math/partial_transport_candidate.py", line 499, in sparse_sinkhorn
    raise RuntimeError("Sparse Sinkhorn did not close both frozen marginals")
RuntimeError: Sparse Sinkhorn did not close both frozen marginals

======================================================================
ERROR: test_three_roles_share_geometry_and_keep_exact_anchor (test_partial_transport_candidate.PartialTransportKernelTests.test_three_roles_share_geometry_and_keep_exact_anchor)
----------------------------------------------------------------------
Traceback (most recent call last):
  File "/root/rivermind-data/4d-debug-r1/runs/attempts/debug-r1-cpu-001/all-research-math-checks-a1-5dcc1a0330ec400b8d68183e6a12fbd5/workspace/actionmesh/research_math/tests/test_partial_transport_candidate.py", line 77, in test_three_roles_share_geometry_and_keep_exact_anchor
    outputs, reports, certificates, shared = candidate.build_transport_sequences(
                                             ^^^^^^^^^^^^^^^^^^^^^^^^^^^^^^^^^^^^
  File "/root/rivermind-data/4d-debug-r1/runs/attempts/debug-r1-cpu-001/all-research-math-checks-a1-5dcc1a0330ec400b8d68183e6a12fbd5/workspace/actionmesh/research_math/partial_transport_candidate.py", line 792, in build_transport_sequences
    output, certificate, report = build_role_sequence(
                                  ^^^^^^^^^^^^^^^^^^^^
  File "/root/rivermind-data/4d-debug-r1/runs/attempts/debug-r1-cpu-001/all-research-math-checks-a1-5dcc1a0330ec400b8d68183e6a12fbd5/workspace/actionmesh/research_math/partial_transport_candidate.py", line 710, in build_role_sequence
    plan, diagnostics = sparse_sinkhorn(
                        ^^^^^^^^^^^^^^^^
  File "/root/rivermind-data/4d-debug-r1/runs/attempts/debug-r1-cpu-001/all-research-math-checks-a1-5dcc1a0330ec400b8d68183e6a12fbd5/workspace/actionmesh/research_math/partial_transport_candidate.py", line 499, in sparse_sinkhorn
    raise RuntimeError("Sparse Sinkhorn did not close both frozen marginals")
RuntimeError: Sparse Sinkhorn did not close both frozen marginals

======================================================================
ERROR: test_sparse_witness_and_bridge_close_every_required_marginal (test_trajectory_bridge_candidate.C08NumericalTests.test_sparse_witness_and_bridge_close_every_required_marginal)
----------------------------------------------------------------------
Traceback (most recent call last):
  File "/root/rivermind-data/4d-debug-r1/runs/attempts/debug-r1-cpu-001/all-research-math-checks-a1-5dcc1a0330ec400b8d68183e6a12fbd5/workspace/actionmesh/research_math/tests/test_trajectory_bridge_candidate.py", line 50, in test_sparse_witness_and_bridge_close_every_required_marginal
    policies, diagnostic = c08.solve_endpoint_bridge(
                           ^^^^^^^^^^^^^^^^^^^^^^^^^^
  File "/root/rivermind-data/4d-debug-r1/runs/attempts/debug-r1-cpu-001/all-research-math-checks-a1-5dcc1a0330ec400b8d68183e6a12fbd5/workspace/actionmesh/research_math/trajectory_bridge_candidate.py", line 321, in solve_endpoint_bridge
    raise TrajectoryBridgeError("Endpoint scaling did not converge")
research_math.trajectory_bridge_candidate.TrajectoryBridgeError: Endpoint scaling did not converge

======================================================================
ERROR: test_whole_path_outputs_preserve_anchor_shape_and_finiteness (test_trajectory_bridge_candidate.C08NumericalTests.test_whole_path_outputs_preserve_anchor_shape_and_finiteness)
----------------------------------------------------------------------
Traceback (most recent call last):
  File "/root/rivermind-data/4d-debug-r1/runs/attempts/debug-r1-cpu-001/all-research-math-checks-a1-5dcc1a0330ec400b8d68183e6a12fbd5/workspace/actionmesh/research_math/tests/test_trajectory_bridge_candidate.py", line 78, in test_whole_path_outputs_preserve_anchor_shape_and_finiteness
    outputs, certificates, diagnostics, shared = c08.build_role_sequences(
                                                 ^^^^^^^^^^^^^^^^^^^^^^^^^
  File "/root/rivermind-data/4d-debug-r1/runs/attempts/debug-r1-cpu-001/all-research-math-checks-a1-5dcc1a0330ec400b8d68183e6a12fbd5/workspace/actionmesh/research_math/trajectory_bridge_candidate.py", line 547, in build_role_sequences
    output, certificate, diagnostic, role_shared = build_role_sequence(
                                                   ^^^^^^^^^^^^^^^^^^^^
  File "/root/rivermind-data/4d-debug-r1/runs/attempts/debug-r1-cpu-001/all-research-math-checks-a1-5dcc1a0330ec400b8d68183e6a12fbd5/workspace/actionmesh/research_math/trajectory_bridge_candidate.py", line 488, in build_role_sequence
    bridge_probability, bridge_diagnostics = solve_endpoint_bridge(
                                             ^^^^^^^^^^^^^^^^^^^^^^
  File "/root/rivermind-data/4d-debug-r1/runs/attempts/debug-r1-cpu-001/all-research-math-checks-a1-5dcc1a0330ec400b8d68183e6a12fbd5/workspace/actionmesh/research_math/trajectory_bridge_candidate.py", line 321, in solve_endpoint_bridge
    raise TrajectoryBridgeError("Endpoint scaling did not converge")
research_math.trajectory_bridge_candidate.TrajectoryBridgeError: Endpoint scaling did not converge

======================================================================
FAIL: test_validation_replays_failed_arms_and_materializer_prevalidates (test_area_admission_candidate.AreaAdmissionCandidateTests.test_validation_replays_failed_arms_and_materializer_prevalidates)
----------------------------------------------------------------------
ValueError: C12 failed role lacks bounded terminal evidence

During handling of the above exception, another exception occurred:

Traceback (most recent call last):
  File "/root/rivermind-data/4d-debug-r1/runs/attempts/debug-r1-cpu-001/all-research-math-checks-a1-5dcc1a0330ec400b8d68183e6a12fbd5/workspace/actionmesh/research_math/tests/test_area_admission_candidate.py", line 233, in test_validation_replays_failed_arms_and_materializer_prevalidates
    with self.assertRaisesRegex(ValueError, "replay|failure|error"):
         ^^^^^^^^^^^^^^^^^^^^^^^^^^^^^^^^^^^^^^^^^^^^^^^^^^^^^^^^^^
AssertionError: "replay|failure|error" does not match "C12 failed role lacks bounded terminal evidence"

======================================================================
FAIL: test_export_and_replay_bind_real_source_pair (test_area_transport_candidate.AreaTransportArtifactTests.test_export_and_replay_bind_real_source_pair)
----------------------------------------------------------------------
Traceback (most recent call last):
  File "/root/rivermind-data/4d-debug-r1/runs/attempts/debug-r1-cpu-001/all-research-math-checks-a1-5dcc1a0330ec400b8d68183e6a12fbd5/workspace/actionmesh/research_math/tests/test_area_transport_candidate.py", line 347, in test_export_and_replay_bind_real_source_pair
    self.assertEqual(verified["completed_roles"], list(candidate.ROLES))
AssertionError: Lists differ: ['row_softmax'] != ['row_softmax', 'vertex_density_transport', 'area_marginal_transport']

Second list contains 2 additional elements.
First extra element 1:
'vertex_density_transport'

- ['row_softmax']
+ ['row_softmax', 'vertex_density_transport', 'area_marginal_transport']

======================================================================
FAIL: test_final_consumption_claim_and_staged_ticket_close_one_chain (test_c01_native_scoring_plan.C01NativeScoringPlanTests.test_final_consumption_claim_and_staged_ticket_close_one_chain)
----------------------------------------------------------------------
ValueError: C14 finalized claim/consumption closure mismatch

During handling of the above exception, another exception occurred:

Traceback (most recent call last):
  File "/root/rivermind-data/4d-debug-r1/runs/attempts/debug-r1-cpu-001/all-research-math-checks-a1-5dcc1a0330ec400b8d68183e6a12fbd5/workspace/actionmesh/research_math/tests/test_c01_native_scoring_plan.py", line 632, in test_final_consumption_claim_and_staged_ticket_close_one_chain
    clear=False), self.assertRaisesRegex(
                  ^^^^^^^^^^^^^^^^^^^^^^^
AssertionError: "controller claim" does not match "C14 finalized claim/consumption closure mismatch"

======================================================================
FAIL: test_actual_cross_root_staging_has_no_live_input_dependency (test_c03_calibration_artifacts.CalibrationArtifactTests.test_actual_cross_root_staging_has_no_live_input_dependency)
----------------------------------------------------------------------
Traceback (most recent call last):
  File "/root/rivermind-data/4d-debug-r1/runs/attempts/debug-r1-cpu-001/all-research-math-checks-a1-5dcc1a0330ec400b8d68183e6a12fbd5/workspace/actionmesh/research_math/tests/test_c03_calibration_artifacts.py", line 144, in test_actual_cross_root_staging_has_no_live_input_dependency
    self.assertEqual(result.returncode, 0, result.stdout + result.stderr)
AssertionError: 2 != 0 : {"status": "error", "native_qualified": false, "scientific_admission": false, "local_method_verified": false, "candidate_methods_tested": false}


======================================================================
FAIL: test_failed_role_remains_in_denominator (test_c03_native_scoring_profile.C03NativeScoringProfileTests.test_failed_role_remains_in_denominator)
----------------------------------------------------------------------
Traceback (most recent call last):
  File "/root/rivermind-data/4d-debug-r1/runs/attempts/debug-r1-cpu-001/all-research-math-checks-a1-5dcc1a0330ec400b8d68183e6a12fbd5/workspace/actionmesh/research_math/tests/test_c03_native_scoring_profile.py", line 78, in test_failed_role_remains_in_denominator
    self.assertEqual(result["n_failed_or_missing_roles"], 1)
AssertionError: 9 != 1

======================================================================
FAIL: test_successful_readout_keeps_nine_role_denominator (test_c03_native_scoring_profile.C03NativeScoringProfileTests.test_successful_readout_keeps_nine_role_denominator)
----------------------------------------------------------------------
Traceback (most recent call last):
  File "/root/rivermind-data/4d-debug-r1/runs/attempts/debug-r1-cpu-001/all-research-math-checks-a1-5dcc1a0330ec400b8d68183e6a12fbd5/workspace/actionmesh/research_math/tests/test_c03_native_scoring_profile.py", line 64, in test_successful_readout_keeps_nine_role_denominator
    self.assertEqual(result["n_successful_roles"], 9)
AssertionError: 0 != 9

======================================================================
FAIL: test_real_common_target_artifact_freezes_all_five_roles (test_c04_native_comparison.C04NativeComparisonTests.test_real_common_target_artifact_freezes_all_five_roles)
----------------------------------------------------------------------
Traceback (most recent call last):
  File "/root/rivermind-data/4d-debug-r1/runs/attempts/debug-r1-cpu-001/all-research-math-checks-a1-5dcc1a0330ec400b8d68183e6a12fbd5/workspace/actionmesh/research_math/tests/test_c04_native_comparison.py", line 84, in test_real_common_target_artifact_freezes_all_five_roles
    self.assertEqual(result["status"], "completed", result)
AssertionError: 'incomplete' != 'completed'
- incomplete
? --
+ completed
?         +
 : {'candidate_id': '4d-math-20261006-c04', 'uid': 'fixture-c04', 'seed': 42, 'source_refs': {'sequence': {'path': 'tmp25dlr4_k/source/sequence.npz', 'sha256': '3714bc888dbb5b9a13c0f4249039a6f683d565c21a53562ac10146fe8fe4c60b'}, 'report': {'path': 'tmp25dlr4_k/source/report.json', 'sha256': '858092c1635c23584e3b995d7774ea964ad154b71a7493ccaf7298fc59d1da15'}}, 'source_sequence_sha256': '3714bc888dbb5b9a13c0f4249039a6f683d565c21a53562ac10146fe8fe4c60b', 'source_report_sha256': '858092c1635c23584e3b995d7774ea964ad154b71a7493ccaf7298fc59d1da15', 'implementation_sha256': '8a353a6ff66b909b49f3d3d8e33d3180efcdd1e56737eb2daec97537cc295783', 'common_target': {'path': 'common-target.npz', 'sha256': '5c7269afbd5fd15e454753b037196d98b2c7ad88a9dad1ac1ab6dba707b7a36d'}, 'target_parameters': {'arap_weight': 0.1, 'temporal_weight': 0.1, 'cg_tolerance': 1e-08, 'shape_floor': 0.01, 'shape_gain': 0.5, 'radius': 0.2, 'epsilon': 0.1, 'trust_radius': 1.0, 'finite_budget': 1.0, 'absolute_tolerance': 1e-08, 'relative_tolerance': 1e-06, 'iterations': 2, 'cg_max_iterations': 1000, 'max_iterations': 10000, 'max_backtracks': 20}, 'repair': {}, 'common_error': {'error': 'Common geometry-only ARAP repair did not converge', 'exception_type': 'RuntimeError'}, 'surrogate': 'normalized_predicted_kinetic_energy_v1', 'uncertainty': 'positive_diagonal_acceleration_weighted_gradient_ellipsoid_v1', 'semantic_coverage_verified': False, 'probabilistic_coverage_claim': False, 'native_qualified': False, 'scientific_admission': False, 'local_method_verified': False, 'source_delivery_status': 'generated_unexecuted_at_authoring', 'status': 'incomplete', 'roles': ['deterministic_protection', 'strength_matched_repair', 'robust_conic_protection'], 'arms': [{'candidate_id': '4d-math-20261006-c04', 'uid': 'fixture-c04', 'seed': 42, 'source_refs': {'sequence': {'path': 'tmp25dlr4_k/source/sequence.npz', 'sha256': '3714bc888dbb5b9a13c0f4249039a6f683d565c21a53562ac10146fe8fe4c60b'}, 'report': {'path': 'tmp25dlr4_k/source/report.json', 'sha256': '858092c1635c23584e3b995d7774ea964ad154b71a7493ccaf7298fc59d1da15'}}, 'source_sequence_sha256': '3714bc888dbb5b9a13c0f4249039a6f683d565c21a53562ac10146fe8fe4c60b', 'source_report_sha256': '858092c1635c23584e3b995d7774ea964ad154b71a7493ccaf7298fc59d1da15', 'implementation_sha256': '8a353a6ff66b909b49f3d3d8e33d3180efcdd1e56737eb2daec97537cc295783', 'common_target': {'path': 'common-target.npz', 'sha256': '5c7269afbd5fd15e454753b037196d98b2c7ad88a9dad1ac1ab6dba707b7a36d'}, 'target_parameters': {'arap_weight': 0.1, 'temporal_weight': 0.1, 'cg_tolerance': 1e-08, 'shape_floor': 0.01, 'shape_gain': 0.5, 'radius': 0.2, 'epsilon': 0.1, 'trust_radius': 1.0, 'finite_budget': 1.0, 'absolute_tolerance': 1e-08, 'relative_tolerance': 1e-06, 'iterations': 2, 'cg_max_iterations': 1000, 'max_iterations': 10000, 'max_backtracks': 20}, 'repair': {}, 'common_error': {'error': 'Common geometry-only ARAP repair did not converge', 'exception_type': 'RuntimeError'}, 'surrogate': 'normalized_predicted_kinetic_energy_v1', 'uncertainty': 'positive_diagonal_acceleration_weighted_gradient_ellipsoid_v1', 'semantic_coverage_verified': False, 'probabilistic_coverage_claim': False, 'native_qualified': False, 'scientific_admission': False, 'local_method_verified': False, 'source_delivery_status': 'generated_unexecuted_at_authoring', 'candidate_arm': 'deterministic_protection', 'method_id': 'c04-control-deterministic-protection-v1', 'role_contract': 'deterministic_protection', 'status': 'error', 'failure_phase': 'construction', 'error': 'Common geometry-only ARAP repair did not converge', 'exception_type': 'RuntimeError', 'rejected_trials': []}, {'candidate_id': '4d-math-20261006-c04', 'uid': 'fixture-c04', 'seed': 42, 'source_refs': {'sequence': {'path': 'tmp25dlr4_k/source/sequence.npz', 'sha256': '3714bc888dbb5b9a13c0f4249039a6f683d565c21a53562ac10146fe8fe4c60b'}, 'report': {'path': 'tmp25dlr4_k/source/report.json', 'sha256': '858092c1635c23584e3b995d7774ea964ad154b71a7493ccaf7298fc59d1da15'}}, 'source_sequence_sha256': '3714bc888dbb5b9a13c0f4249039a6f683d565c21a53562ac10146fe8fe4c60b', 'source_report_sha256': '858092c1635c23584e3b995d7774ea964ad154b71a7493ccaf7298fc59d1da15', 'implementation_sha256': '8a353a6ff66b909b49f3d3d8e33d3180efcdd1e56737eb2daec97537cc295783', 'common_target': {'path': 'common-target.npz', 'sha256': '5c7269afbd5fd15e454753b037196d98b2c7ad88a9dad1ac1ab6dba707b7a36d'}, 'target_parameters': {'arap_weight': 0.1, 'temporal_weight': 0.1, 'cg_tolerance': 1e-08, 'shape_floor': 0.01, 'shape_gain': 0.5, 'radius': 0.2, 'epsilon': 0.1, 'trust_radius': 1.0, 'finite_budget': 1.0, 'absolute_tolerance': 1e-08, 'relative_tolerance': 1e-06, 'iterations': 2, 'cg_max_iterations': 1000, 'max_iterations': 10000, 'max_backtracks': 20}, 'repair': {}, 'common_error': {'error': 'Common geometry-only ARAP repair did not converge', 'exception_type': 'RuntimeError'}, 'surrogate': 'normalized_predicted_kinetic_energy_v1', 'uncertainty': 'positive_diagonal_acceleration_weighted_gradient_ellipsoid_v1', 'semantic_coverage_verified': False, 'probabilistic_coverage_claim': False, 'native_qualified': False, 'scientific_admission': False, 'local_method_verified': False, 'source_delivery_status': 'generated_unexecuted_at_authoring', 'candidate_arm': 'strength_matched_repair', 'method_id': 'c04-control-strength-matched-repair-v1', 'role_contract': 'strength_matched_repair', 'status': 'error', 'failure_phase': 'construction', 'error': 'Common geometry-only ARAP repair did not converge', 'exception_type': 'RuntimeError', 'rejected_trials': []}, {'candidate_id': '4d-math-20261006-c04', 'uid': 'fixture-c04', 'seed': 42, 'source_refs': {'sequence': {'path': 'tmp25dlr4_k/source/sequence.npz', 'sha256': '3714bc888dbb5b9a13c0f4249039a6f683d565c21a53562ac10146fe8fe4c60b'}, 'report': {'path': 'tmp25dlr4_k/source/report.json', 'sha256': '858092c1635c23584e3b995d7774ea964ad154b71a7493ccaf7298fc59d1da15'}}, 'source_sequence_sha256': '3714bc888dbb5b9a13c0f4249039a6f683d565c21a53562ac10146fe8fe4c60b', 'source_report_sha256': '858092c1635c23584e3b995d7774ea964ad154b71a7493ccaf7298fc59d1da15', 'implementation_sha256': '8a353a6ff66b909b49f3d3d8e33d3180efcdd1e56737eb2daec97537cc295783', 'common_target': {'path': 'common-target.npz', 'sha256': '5c7269afbd5fd15e454753b037196d98b2c7ad88a9dad1ac1ab6dba707b7a36d'}, 'target_parameters': {'arap_weight': 0.1, 'temporal_weight': 0.1, 'cg_tolerance': 1e-08, 'shape_floor': 0.01, 'shape_gain': 0.5, 'radius': 0.2, 'epsilon': 0.1, 'trust_radius': 1.0, 'finite_budget': 1.0, 'absolute_tolerance': 1e-08, 'relative_tolerance': 1e-06, 'iterations': 2, 'cg_max_iterations': 1000, 'max_iterations': 10000, 'max_backtracks': 20}, 'repair': {}, 'common_error': {'error': 'Common geometry-only ARAP repair did not converge', 'exception_type': 'RuntimeError'}, 'surrogate': 'normalized_predicted_kinetic_energy_v1', 'uncertainty': 'positive_diagonal_acceleration_weighted_gradient_ellipsoid_v1', 'semantic_coverage_verified': False, 'probabilistic_coverage_claim': False, 'native_qualified': False, 'scientific_admission': False, 'local_method_verified': False, 'source_delivery_status': 'generated_unexecuted_at_authoring', 'candidate_arm': 'robust_conic_protection', 'method_id': '4d-math-20261006-c04', 'role_contract': 'robust_conic_protection', 'status': 'error', 'failure_phase': 'construction', 'error': 'Common geometry-only ARAP repair did not converge', 'exception_type': 'RuntimeError', 'rejected_trials': []}], 'solver': {'absolute_tolerance': 1e-08, 'relative_tolerance': 1e-06, 'max_iterations': 10000}, 'bounds': {'lower': -10.0, 'upper': 10.0, 'policy': 'preserve_and_report'}, 'elapsed_seconds': 0.007864356972277164, 'recorded_at': '2026-10-09T10:12:15.603387+00:00'}

======================================================================
FAIL: test_interface_has_no_forbidden_coordinate_or_scoring_input (test_c05_candidate_artifacts.C05CandidateArtifactTests.test_interface_has_no_forbidden_coordinate_or_scoring_input)
----------------------------------------------------------------------
Traceback (most recent call last):
  File "/root/rivermind-data/4d-debug-r1/runs/attempts/debug-r1-cpu-001/all-research-math-checks-a1-5dcc1a0330ec400b8d68183e6a12fbd5/workspace/actionmesh/research_math/tests/test_c05_candidate_artifacts.py", line 409, in test_interface_has_no_forbidden_coordinate_or_scoring_input
    self.assertEqual(parameters, {
AssertionError: Items in the first set but not the second:
'producer_root'

======================================================================
FAIL: test_materializes_all_distinct_roles_with_exact_native_identity (test_c05_candidate_artifacts.C05CandidateArtifactTests.test_materializes_all_distinct_roles_with_exact_native_identity)
----------------------------------------------------------------------
Traceback (most recent call last):
  File "/root/rivermind-data/4d-debug-r1/runs/attempts/debug-r1-cpu-001/all-research-math-checks-a1-5dcc1a0330ec400b8d68183e6a12fbd5/workspace/actionmesh/research_math/tests/test_c05_candidate_artifacts.py", line 206, in test_materializes_all_distinct_roles_with_exact_native_identity
    self.assertEqual(tuple(candidate["role_refs"]), artifacts.ROLE_ORDER)
AssertionError: Tuples differ: ('independent_top1', 'joint_spatial_labels'[68 chars]ean') != ('localized_mean', 'temperature_matched_mea[68 chars]els')

First differing element 0:
'independent_top1'
'localized_mean'

- ('independent_top1',
-  'joint_spatial_labels',
-  'localized_mean',
? ^

+ ('localized_mean',
? ^

+  'temperature_matched_mean',
   'surface_projected_mean',
-  'temperature_matched_mean')
+  'independent_top1',
+  'joint_spatial_labels')

======================================================================
FAIL: test_natural_gate_rejection_has_no_scoreable_role_or_fallback (test_c05_candidate_artifacts.C05CandidateArtifactTests.test_natural_gate_rejection_has_no_scoreable_role_or_fallback)
----------------------------------------------------------------------
Traceback (most recent call last):
  File "/root/rivermind-data/4d-debug-r1/runs/attempts/debug-r1-cpu-001/all-research-math-checks-a1-5dcc1a0330ec400b8d68183e6a12fbd5/workspace/actionmesh/research_math/tests/test_c05_candidate_artifacts.py", line 239, in test_natural_gate_rejection_has_no_scoreable_role_or_fallback
    self.assertEqual(tuple(candidate["role_refs"]), artifacts.ROLE_ORDER)
AssertionError: Tuples differ: ('independent_top1', 'joint_spatial_labels'[68 chars]ean') != ('localized_mean', 'temperature_matched_mea[68 chars]els')

First differing element 0:
'independent_top1'
'localized_mean'

- ('independent_top1',
-  'joint_spatial_labels',
-  'localized_mean',
? ^

+ ('localized_mean',
? ^

+  'temperature_matched_mean',
   'surface_projected_mean',
-  'temperature_matched_mean')
+  'independent_top1',
+  'joint_spatial_labels')

======================================================================
FAIL: test_final_consumption_claim_and_staged_ticket_close_one_chain (test_c14_native_scoring_plan.C14NativeScoringPlanTests.test_final_consumption_claim_and_staged_ticket_close_one_chain)
----------------------------------------------------------------------
ValueError: C14 finalized claim/consumption closure mismatch

During handling of the above exception, another exception occurred:

Traceback (most recent call last):
  File "/root/rivermind-data/4d-debug-r1/runs/attempts/debug-r1-cpu-001/all-research-math-checks-a1-5dcc1a0330ec400b8d68183e6a12fbd5/workspace/actionmesh/research_math/tests/test_c14_native_scoring_plan.py", line 623, in test_final_consumption_claim_and_staged_ticket_close_one_chain
    clear=False), self.assertRaisesRegex(
                  ^^^^^^^^^^^^^^^^^^^^^^^
AssertionError: "controller claim" does not match "C14 finalized claim/consumption closure mismatch"

======================================================================
FAIL: test_delivery_inventory_attaches_quadratic_control_only_to_c13 (test_control_plan.ControlPlanTest.test_delivery_inventory_attaches_quadratic_control_only_to_c13)
----------------------------------------------------------------------
Traceback (most recent call last):
  File "/root/rivermind-data/4d-debug-r1/runs/attempts/debug-r1-cpu-001/all-research-math-checks-a1-5dcc1a0330ec400b8d68183e6a12fbd5/workspace/actionmesh/research_math/tests/test_control_plan.py", line 127, in test_delivery_inventory_attaches_quadratic_control_only_to_c13
    self.assertFalse(candidates['C13']['full_method_source_complete'])
AssertionError: True is not false

======================================================================
FAIL: test_removed_or_substituted_transitive_implementation_is_rejected (test_g01_design.G01DesignTests.test_removed_or_substituted_transitive_implementation_is_rejected)
----------------------------------------------------------------------
ValueError: reference digest mismatch: actionmesh/prepare_c01_native_scoring.py

During handling of the above exception, another exception occurred:

Traceback (most recent call last):
  File "/root/rivermind-data/4d-debug-r1/runs/attempts/debug-r1-cpu-001/all-research-math-checks-a1-5dcc1a0330ec400b8d68183e6a12fbd5/workspace/actionmesh/research_math/tests/test_g01_design.py", line 92, in test_removed_or_substituted_transitive_implementation_is_rejected
    with self.assertRaisesRegex(ValueError, "independently frozen"):
         ^^^^^^^^^^^^^^^^^^^^^^^^^^^^^^^^^^^^^^^^^^^^^^^^^^^^^^^^^^
AssertionError: "independently frozen" does not match "reference digest mismatch: actionmesh/prepare_c01_native_scoring.py"

======================================================================
FAIL: test_unreviewed_semantic_rewrite_is_rejected_by_frozen_digest (test_g01_design.G01DesignTests.test_unreviewed_semantic_rewrite_is_rejected_by_frozen_digest)
----------------------------------------------------------------------
ValueError: reference digest mismatch: actionmesh/prepare_c01_native_scoring.py

During handling of the above exception, another exception occurred:

Traceback (most recent call last):
  File "/root/rivermind-data/4d-debug-r1/runs/attempts/debug-r1-cpu-001/all-research-math-checks-a1-5dcc1a0330ec400b8d68183e6a12fbd5/workspace/actionmesh/research_math/tests/test_g01_design.py", line 61, in test_unreviewed_semantic_rewrite_is_rejected_by_frozen_digest
    with self.assertRaisesRegex(ValueError, "independently frozen"):
         ^^^^^^^^^^^^^^^^^^^^^^^^^^^^^^^^^^^^^^^^^^^^^^^^^^^^^^^^^^
AssertionError: "independently frozen" does not match "reference digest mismatch: actionmesh/prepare_c01_native_scoring.py"

======================================================================
FAIL: test_export_is_complete_identity_preserving_candidate_arm (test_group_acceleration_candidate.GroupAccelerationCandidateTests.test_export_is_complete_identity_preserving_candidate_arm)
----------------------------------------------------------------------
Traceback (most recent call last):
  File "/root/rivermind-data/4d-debug-r1/runs/attempts/debug-r1-cpu-001/all-research-math-checks-a1-5dcc1a0330ec400b8d68183e6a12fbd5/workspace/actionmesh/research_math/tests/test_group_acceleration_candidate.py", line 146, in test_export_is_complete_identity_preserving_candidate_arm
    self.assertEqual(result['status'], 'completed')
AssertionError: 'incomplete' != 'completed'
- incomplete
? --
+ completed
?         +


======================================================================
FAIL: test_export_and_replay_bind_real_source_pair (test_partial_transport_candidate.PartialTransportArtifactTests.test_export_and_replay_bind_real_source_pair)
----------------------------------------------------------------------
Traceback (most recent call last):
  File "/root/rivermind-data/4d-debug-r1/runs/attempts/debug-r1-cpu-001/all-research-math-checks-a1-5dcc1a0330ec400b8d68183e6a12fbd5/workspace/actionmesh/research_math/tests/test_partial_transport_candidate.py", line 240, in test_export_and_replay_bind_real_source_pair
    self.assertEqual(verified["completed_roles"], list(candidate.ROLES))
AssertionError: Lists differ: ['con[20 chars]llback'] != ['con[20 chars]llback', 'full_mass_transport', 'partial_mass_native_fallback']

Second list contains 2 additional elements.
First extra element 1:
'full_mass_transport'

- ['confidence_threshold_fallback']
?                                 ^

+ ['confidence_threshold_fallback',
?                                 ^

+  'full_mass_transport',
+  'partial_mass_native_fallback']

======================================================================
FAIL: test_hash_consistent_enqueue_argv_mutation_fails_closed (test_research_supervisor.ResearchSupervisorTests.test_hash_consistent_enqueue_argv_mutation_fails_closed)
----------------------------------------------------------------------
research_supervisor_under_test.CampaignError: repair worker predecessor mismatch

During handling of the above exception, another exception occurred:

Traceback (most recent call last):
  File "/root/rivermind-data/4d-debug-r1/runs/attempts/debug-r1-cpu-001/all-research-math-checks-a1-5dcc1a0330ec400b8d68183e6a12fbd5/workspace/actionmesh/research_math/tests/test_research_supervisor.py", line 982, in test_hash_consistent_enqueue_argv_mutation_fails_closed
    with self.assertRaisesRegex(S.CampaignError, "enqueue invocation identity"):
         ^^^^^^^^^^^^^^^^^^^^^^^^^^^^^^^^^^^^^^^^^^^^^^^^^^^^^^^^^^^^^^^^^^^^^^
AssertionError: "enqueue invocation identity" does not match "repair worker predecessor mismatch"

======================================================================
FAIL: test_hash_consistent_registration_argv_mutation_fails_closed (test_research_supervisor.ResearchSupervisorTests.test_hash_consistent_registration_argv_mutation_fails_closed)
----------------------------------------------------------------------
research_supervisor_under_test.CampaignError: repair worker predecessor mismatch

During handling of the above exception, another exception occurred:

Traceback (most recent call last):
  File "/root/rivermind-data/4d-debug-r1/runs/attempts/debug-r1-cpu-001/all-research-math-checks-a1-5dcc1a0330ec400b8d68183e6a12fbd5/workspace/actionmesh/research_math/tests/test_research_supervisor.py", line 972, in test_hash_consistent_registration_argv_mutation_fails_closed
    with self.assertRaisesRegex(S.CampaignError,
         ^^^^^^^^^^^^^^^^^^^^^^^^^^^^^^^^^^^^^^^
AssertionError: "registration invocation identity" does not match "repair worker predecessor mismatch"

======================================================================
FAIL: test_repair_historical_event_or_journal_reorder_fails_closed (test_research_supervisor.ResearchSupervisorTests.test_repair_historical_event_or_journal_reorder_fails_closed)
----------------------------------------------------------------------
Traceback (most recent call last):
  File "/root/rivermind-data/4d-debug-r1/runs/attempts/debug-r1-cpu-001/all-research-math-checks-a1-5dcc1a0330ec400b8d68183e6a12fbd5/workspace/actionmesh/research_math/tests/test_research_supervisor.py", line 1086, in test_repair_historical_event_or_journal_reorder_fails_closed
    self.assertEqual(retained["repair_bridge"]["requests"]["repair-a"]
AssertionError: 'worker_intent_without_terminal_event' != 'unindexed_event'
- worker_intent_without_terminal_event
+ unindexed_event


----------------------------------------------------------------------
Ran 848 tests in 114.139s

FAILED (failures=19, errors=30, skipped=6)
